event_date,campaign_id,track_id,listener_segment,country,impressions,streams,saves,playlist_adds,repeat_listeners,skips
2026-06-07,C001,T002,New listener,US,7156,1116,98,51,121,294
2026-06-07,C001,T002,New listener,Canada,1166,150,12,6,18,38
2026-06-07,C001,T002,New listener,Mexico,1142,169,15,7,20,42
2026-06-07,C001,T002,Casual listener,US,5176,907,101,57,163,194
2026-06-07,C001,T002,Casual listener,Canada,2480,388,41,21,63,82
2026-06-07,C001,T002,Casual listener,Mexico,2830,455,49,24,81,90
2026-06-07,C001,T002,Existing fan,US,3283,698,116,52,175,113
2026-06-07,C001,T002,Existing fan,Canada,1770,346,56,30,93,51
2026-06-07,C001,T002,Existing fan,Mexico,2407,501,73,37,130,77
2026-06-07,C001,T002,Lapsed listener,US,8520,1546,158,94,311,293
2026-06-07,C001,T002,Lapsed listener,Canada,2327,416,43,23,82,80
2026-06-07,C001,T002,Lapsed listener,Mexico,1345,212,22,13,41,47
2026-06-08,C001,T002,New listener,US,9279,1199,102,58,128,269
2026-06-08,C001,T002,New listener,Canada,1804,237,19,10,27,52
2026-06-08,C001,T002,New listener,Mexico,1990,250,20,13,31,58
2026-06-08,C001,T002,Casual listener,US,9347,1543,163,87,251,307
2026-06-08,C001,T002,Casual listener,Canada,3119,443,45,24,76,105
2026-06-08,C001,T002,Casual listener,Mexico,2529,368,42,20,59,82
2026-06-08,C001,T002,Existing fan,US,5291,1002,169,83,269,143
2026-06-08,C001,T002,Existing fan,Canada,1140,216,34,17,62,32
2026-06-08,C001,T002,Existing fan,Mexico,1761,320,48,27,81,48
2026-06-08,C001,T002,Lapsed listener,US,3234,476,55,28,85,99
2026-06-08,C001,T002,Lapsed listener,Canada,2963,466,57,29,98,94
2026-06-08,C001,T002,Lapsed listener,Mexico,1207,198,22,11,42,43
2026-06-09,C001,T002,New listener,US,8699,1097,96,50,134,292
2026-06-09,C001,T002,New listener,Canada,1318,177,15,8,19,41
2026-06-09,C001,T002,New listener,Mexico,1346,202,15,9,22,49
2026-06-09,C001,T002,Casual listener,US,2857,409,42,23,63,94
2026-06-09,C001,T002,Casual listener,Canada,1848,269,28,17,47,54
2026-06-09,C001,T002,Casual listener,Mexico,1136,182,20,11,29,36
2026-06-09,C001,T002,Existing fan,US,6002,1126,190,100,270,172
2026-06-09,C001,T002,Existing fan,Canada,1797,362,54,30,103,62
2026-06-09,C001,T002,Existing fan,Mexico,1155,246,36,18,69,36
2026-06-09,C001,T002,Lapsed listener,US,7273,1075,127,61,228,236
2026-06-09,C001,T002,Lapsed listener,Canada,1790,282,33,15,59,62
2026-06-09,C001,T002,Lapsed listener,Mexico,1387,214,26,12,44,47
2026-06-10,C001,T002,New listener,US,4791,607,47,28,77,162
2026-06-10,C001,T002,New listener,Canada,1854,255,21,12,32,60
2026-06-10,C001,T002,New listener,Mexico,696,90,8,4,11,21
2026-06-10,C001,T002,Casual listener,US,3440,559,57,35,95,134
2026-06-10,C001,T002,Casual listener,Canada,1198,185,19,10,33,36
2026-06-10,C001,T002,Casual listener,Mexico,2383,395,45,25,64,85
2026-06-10,C001,T002,Existing fan,US,6056,1209,194,91,345,190
2026-06-10,C001,T002,Existing fan,Canada,2373,441,71,36,109,71
2026-06-10,C001,T002,Existing fan,Mexico,1857,375,63,31,95,59
2026-06-10,C001,T002,Lapsed listener,US,2165,344,36,21,68,68
2026-06-10,C001,T002,Lapsed listener,Canada,2507,412,43,24,87,90
2026-06-10,C001,T002,Lapsed listener,Mexico,1165,201,21,12,40,38
2026-06-11,C001,T002,New listener,US,4766,710,55,32,76,165
2026-06-11,C001,T002,New listener,Canada,2552,374,32,17,47,93
2026-06-11,C001,T002,New listener,Mexico,1810,258,20,12,27,66
2026-06-11,C001,T002,Casual listener,US,3303,560,56,36,100,121
2026-06-11,C001,T002,Casual listener,Canada,2871,428,48,25,78,96
2026-06-11,C001,T002,Casual listener,Mexico,2369,385,44,25,68,87
2026-06-11,C001,T002,Existing fan,US,7844,1494,251,121,368,252
2026-06-11,C001,T002,Existing fan,Canada,2454,448,66,37,125,70
2026-06-11,C001,T002,Existing fan,Mexico,1348,247,35,19,62,37
2026-06-11,C001,T002,Lapsed listener,US,8247,1238,130,71,225,242
2026-06-11,C001,T002,Lapsed listener,Canada,2318,378,43,22,69,77
2026-06-11,C001,T002,Lapsed listener,Mexico,2449,452,46,28,89,93
2026-06-12,C001,T002,New listener,US,5896,802,65,41,101,197
2026-06-12,C001,T002,New listener,Canada,2733,419,37,20,47,102
2026-06-12,C001,T002,New listener,Mexico,1765,242,20,11,26,58
2026-06-12,C001,T002,Casual listener,US,3425,607,64,39,106,137
2026-06-12,C001,T002,Casual listener,Canada,1000,164,16,9,25,35
2026-06-12,C001,T002,Casual listener,Mexico,1218,191,19,12,31,45
2026-06-12,C001,T002,Existing fan,US,6666,1216,173,90,324,210
2026-06-12,C001,T002,Existing fan,Canada,1997,361,51,32,86,51
2026-06-12,C001,T002,Existing fan,Mexico,1328,238,33,18,58,38
2026-06-12,C001,T002,Lapsed listener,US,8236,1522,170,86,290,322
2026-06-12,C001,T002,Lapsed listener,Canada,1115,198,20,11,39,44
2026-06-12,C001,T002,Lapsed listener,Mexico,2342,407,50,23,83,77
2026-06-13,C001,T002,New listener,US,4541,587,51,30,71,132
2026-06-13,C001,T002,New listener,Canada,2715,414,33,19,48,101
2026-06-13,C001,T002,New listener,Mexico,1565,197,16,9,23,46
2026-06-13,C001,T002,Casual listener,US,6854,1143,119,72,215,238
2026-06-13,C001,T002,Casual listener,Canada,2614,442,46,28,77,93
2026-06-13,C001,T002,Casual listener,Mexico,1279,219,21,14,35,47
2026-06-13,C001,T002,Existing fan,US,8459,1706,256,139,436,268
2026-06-13,C001,T002,Existing fan,Canada,1949,405,60,35,111,60
2026-06-13,C001,T002,Existing fan,Mexico,576,112,16,8,29,17
2026-06-13,C001,T002,Lapsed listener,US,4514,787,91,46,163,150
2026-06-13,C001,T002,Lapsed listener,Canada,1467,239,25,14,45,50
2026-06-13,C001,T002,Lapsed listener,Mexico,1572,257,30,14,52,50
2026-06-14,C001,T002,New listener,US,4481,599,51,27,74,159
2026-06-14,C001,T002,New listener,Canada,1291,171,14,7,20,44
2026-06-14,C001,T002,New listener,Mexico,2252,305,23,13,34,69
2026-06-14,C001,T002,Casual listener,US,2033,339,33,18,53,71
2026-06-14,C001,T002,Casual listener,Canada,1084,178,19,9,27,37
2026-06-14,C001,T002,Casual listener,Mexico,1911,299,29,16,56,65
2026-06-14,C001,T002,Existing fan,US,2562,485,69,40,117,71
2026-06-14,C001,T002,Existing fan,Canada,2616,562,80,43,150,87
2026-06-14,C001,T002,Existing fan,Mexico,2250,466,68,38,122,72
2026-06-14,C001,T002,Lapsed listener,US,7960,1484,161,90,296,323
2026-06-14,C001,T002,Lapsed listener,Canada,1371,235,25,12,43,49
2026-06-14,C001,T002,Lapsed listener,Mexico,980,144,16,8,27,28
2026-06-15,C001,T002,New listener,US,4651,697,57,34,90,180
2026-06-15,C001,T002,New listener,Canada,2623,389,35,18,46,98
2026-06-15,C001,T002,New listener,Mexico,1254,193,14,8,22,49
2026-06-15,C001,T002,Casual listener,US,7511,1314,137,79,218,281
2026-06-15,C001,T002,Casual listener,Canada,1545,245,25,13,38,52
2026-06-15,C001,T002,Casual listener,Mexico,1412,230,22,13,41,53
2026-06-15,C001,T002,Existing fan,US,7690,1652,282,139,417,236
2026-06-15,C001,T002,Existing fan,Canada,1216,234,37,20,58,37
2026-06-15,C001,T002,Existing fan,Mexico,1886,406,62,32,103,58
2026-06-15,C001,T002,Lapsed listener,US,3433,549,64,31,117,121
2026-06-15,C001,T002,Lapsed listener,Canada,2489,369,38,20,66,80
2026-06-15,C001,T002,Lapsed listener,Mexico,1950,350,35,22,68,66
2026-06-16,C001,T002,New listener,US,6783,938,81,46,117,216
2026-06-16,C001,T002,New listener,Canada,2407,313,24,16,37,69
2026-06-16,C001,T002,New listener,Mexico,2143,328,28,15,35,78
2026-06-16,C001,T002,Casual listener,US,3942,700,80,42,111,163
2026-06-16,C001,T002,Casual listener,Canada,2240,393,39,24,66,85
2026-06-16,C001,T002,Casual listener,Mexico,1774,264,28,15,49,57
2026-06-16,C001,T002,Existing fan,US,3090,651,96,56,169,111
2026-06-16,C001,T002,Existing fan,Canada,2271,415,58,35,117,66
2026-06-16,C001,T002,Existing fan,Mexico,1821,384,59,31,98,63
2026-06-16,C001,T002,Lapsed listener,US,5417,894,97,49,181,188
2026-06-16,C001,T002,Lapsed listener,Canada,1369,248,27,14,48,55
2026-06-16,C001,T002,Lapsed listener,Mexico,1527,247,28,15,53,51
2026-06-17,C001,T002,New listener,US,2061,268,24,12,29,70
2026-06-17,C001,T002,New listener,Canada,900,129,10,6,15,32
2026-06-17,C001,T002,New listener,Mexico,884,113,9,5,13,27
2026-06-17,C001,T002,Casual listener,US,2466,425,48,27,71,89
2026-06-17,C001,T002,Casual listener,Canada,2137,370,35,20,65,87
2026-06-17,C001,T002,Casual listener,Mexico,1076,181,18,10,32,42
2026-06-17,C001,T002,Existing fan,US,5870,1047,156,77,267,150
2026-06-17,C001,T002,Existing fan,Canada,1724,324,46,26,86,54
2026-06-17,C001,T002,Existing fan,Mexico,925,165,26,13,45,25
2026-06-17,C001,T002,Lapsed listener,US,7177,1095,122,61,203,205
2026-06-17,C001,T002,Lapsed listener,Canada,2064,377,44,20,72,75
2026-06-17,C001,T002,Lapsed listener,Mexico,2021,321,39,19,62,64
2026-06-18,C001,T002,New listener,US,5154,799,61,37,92,187
2026-06-18,C001,T002,New listener,Canada,1476,186,16,8,19,48
2026-06-18,C001,T002,New listener,Mexico,589,92,8,4,11,23
2026-06-18,C001,T002,Casual listener,US,3751,611,62,38,108,138
2026-06-18,C001,T002,Casual listener,Canada,987,161,18,10,26,34
2026-06-18,C001,T002,Casual listener,Mexico,1938,298,29,19,49,64
2026-06-18,C001,T002,Existing fan,US,3484,616,96,55,164,105
2026-06-18,C001,T002,Existing fan,Canada,1072,195,32,15,54,32
2026-06-18,C001,T002,Existing fan,Mexico,1326,275,42,20,76,40
2026-06-18,C001,T002,Lapsed listener,US,5269,978,117,56,202,183
2026-06-18,C001,T002,Lapsed listener,Canada,2221,337,37,21,62,68
2026-06-18,C001,T002,Lapsed listener,Mexico,1409,213,22,11,44,44
2026-06-19,C001,T002,New listener,US,6980,931,70,47,119,219
2026-06-19,C001,T002,New listener,Canada,1769,229,17,9,29,51
2026-06-19,C001,T002,New listener,Mexico,1029,160,12,7,19,41
2026-06-19,C001,T002,Casual listener,US,6366,992,110,56,168,199
2026-06-19,C001,T002,Casual listener,Canada,2012,328,37,19,58,67
2026-06-19,C001,T002,Casual listener,Mexico,1546,272,30,15,48,60
2026-06-19,C001,T002,Existing fan,US,4768,827,122,74,238,138
2026-06-19,C001,T002,Existing fan,Canada,821,165,26,13,39,27
2026-06-19,C001,T002,Existing fan,Mexico,1051,227,37,17,64,36
2026-06-19,C001,T002,Lapsed listener,US,6772,1053,127,60,191,236
2026-06-19,C001,T002,Lapsed listener,Canada,556,87,10,5,17,19
2026-06-19,C001,T002,Lapsed listener,Mexico,722,125,12,6,25,24
2026-06-20,C001,T002,New listener,US,4327,547,43,24,64,123
2026-06-20,C001,T002,New listener,Canada,715,101,8,4,11,24
2026-06-20,C001,T002,New listener,Mexico,541,81,7,4,9,20
2026-06-20,C001,T002,Casual listener,US,1829,260,27,15,46,56
2026-06-20,C001,T002,Casual listener,Canada,1819,259,25,16,40,54
2026-06-20,C001,T002,Casual listener,Mexico,1837,295,30,19,51,63
2026-06-20,C001,T002,Existing fan,US,6732,1283,211,96,350,217
2026-06-20,C001,T002,Existing fan,Canada,2131,435,63,35,108,66
2026-06-20,C001,T002,Existing fan,Mexico,1521,287,46,22,73,42
2026-06-20,C001,T002,Lapsed listener,US,2866,499,56,27,89,102
2026-06-20,C001,T002,Lapsed listener,Canada,1613,289,32,17,57,58
2026-06-20,C001,T002,Lapsed listener,Mexico,729,119,14,7,22,26
2026-06-21,C001,T002,New listener,US,1943,309,26,14,37,71
2026-06-21,C001,T002,New listener,Canada,1874,250,19,12,28,64
2026-06-21,C001,T002,New listener,Mexico,1756,234,19,11,29,58
2026-06-21,C001,T002,Casual listener,US,6129,863,99,55,142,176
2026-06-21,C001,T002,Casual listener,Canada,1386,242,24,13,38,54
2026-06-21,C001,T002,Casual listener,Mexico,586,85,9,4,15,17
2026-06-21,C001,T002,Existing fan,US,4995,958,138,75,244,164
2026-06-21,C001,T002,Existing fan,Canada,2195,383,54,29,103,62
2026-06-21,C001,T002,Existing fan,Mexico,1056,202,30,16,52,30
2026-06-21,C001,T002,Lapsed listener,US,5762,872,97,49,176,180
2026-06-21,C001,T002,Lapsed listener,Canada,1384,205,22,12,36,40
2026-06-21,C001,T002,Lapsed listener,Mexico,914,162,19,9,29,33
2026-06-22,C001,T002,New listener,US,4937,651,52,32,77,170
2026-06-22,C001,T002,New listener,Canada,1469,188,16,8,20,49
2026-06-22,C001,T002,New listener,Mexico,1117,162,13,8,18,36
2026-06-22,C001,T002,Casual listener,US,1640,289,28,19,49,65
2026-06-22,C001,T002,Casual listener,Canada,1490,213,24,12,37,46
2026-06-22,C001,T002,Casual listener,Mexico,1304,225,25,12,41,45
2026-06-22,C001,T002,Existing fan,US,2390,466,68,40,119,80
2026-06-22,C001,T002,Existing fan,Canada,904,164,23,12,44,27
2026-06-22,C001,T002,Existing fan,Mexico,582,104,17,8,28,17
2026-06-22,C001,T002,Lapsed listener,US,5084,885,107,54,190,177
2026-06-22,C001,T002,Lapsed listener,Canada,1365,208,21,12,39,41
2026-06-22,C001,T002,Lapsed listener,Mexico,538,86,8,5,15,17
2026-06-23,C001,T002,New listener,US,3673,472,42,24,57,115
2026-06-23,C001,T002,New listener,Canada,1715,250,22,12,27,66
2026-06-23,C001,T002,New listener,Mexico,1651,244,19,11,27,54
2026-06-23,C001,T002,Casual listener,US,2239,382,43,25,60,86
2026-06-23,C001,T002,Casual listener,Canada,590,88,9,5,15,17
2026-06-23,C001,T002,Casual listener,Mexico,1216,212,21,13,37,42
2026-06-23,C001,T002,Existing fan,US,4046,702,100,59,177,115
2026-06-23,C001,T002,Existing fan,Canada,2087,441,66,36,108,67
2026-06-23,C001,T002,Existing fan,Mexico,1258,222,35,16,59,35
2026-06-23,C001,T002,Lapsed listener,US,3997,717,83,45,147,154
2026-06-23,C001,T002,Lapsed listener,Canada,1885,283,33,16,50,56
2026-06-23,C001,T002,Lapsed listener,Mexico,869,139,16,7,29,26
2026-06-24,C001,T002,New listener,US,3637,563,42,28,71,148
2026-06-24,C001,T002,New listener,Canada,570,84,7,4,10,19
2026-06-24,C001,T002,New listener,Mexico,773,119,10,6,13,28
2026-06-24,C001,T002,Casual listener,US,4510,693,76,46,122,159
2026-06-24,C001,T002,Casual listener,Canada,1632,242,24,16,44,57
2026-06-24,C001,T002,Casual listener,Mexico,801,123,14,8,21,25
2026-06-24,C001,T002,Existing fan,US,4291,832,127,63,207,133
2026-06-24,C001,T002,Existing fan,Canada,1118,193,29,15,55,31
2026-06-24,C001,T002,Existing fan,Mexico,1486,312,46,26,78,53
2026-06-24,C001,T002,Lapsed listener,US,2509,452,46,29,94,101
2026-06-24,C001,T002,Lapsed listener,Canada,541,88,9,5,16,16
2026-06-24,C001,T002,Lapsed listener,Mexico,866,128,15,8,25,28
2026-06-25,C001,T002,New listener,US,2368,301,27,14,38,77
2026-06-25,C001,T002,New listener,Canada,1637,231,17,10,26,60
2026-06-25,C001,T002,New listener,Mexico,1513,239,20,11,30,55
2026-06-25,C001,T002,Casual listener,US,2252,319,33,20,54,64
2026-06-25,C001,T002,Casual listener,Canada,1714,278,26,16,45,56
2026-06-25,C001,T002,Casual listener,Mexico,1266,177,18,10,28,40
2026-06-25,C001,T002,Existing fan,US,5218,1127,160,92,299,194
2026-06-25,C001,T002,Existing fan,Canada,1851,317,52,23,82,48
2026-06-25,C001,T002,Existing fan,Mexico,412,77,10,5,21,11
2026-06-25,C001,T002,Lapsed listener,US,5649,996,108,53,196,219
2026-06-25,C001,T002,Lapsed listener,Canada,899,161,18,10,31,31
2026-06-25,C001,T002,Lapsed listener,Mexico,657,98,11,5,18,18
2026-06-26,C001,T002,New listener,US,2748,429,34,19,50,111
2026-06-26,C001,T002,New listener,Canada,1603,215,18,9,24,55
2026-06-26,C001,T002,New listener,Mexico,1036,140,12,6,16,33
2026-06-26,C001,T002,Casual listener,US,4093,625,62,39,105,144
2026-06-26,C001,T002,Casual listener,Canada,1098,187,20,10,32,43
2026-06-26,C001,T002,Casual listener,Mexico,1465,221,21,12,36,47
2026-06-26,C001,T002,Existing fan,US,4376,780,119,63,216,132
2026-06-26,C001,T002,Existing fan,Canada,1509,276,47,24,66,44
2026-06-26,C001,T002,Existing fan,Mexico,1099,213,34,16,51,35
2026-06-26,C001,T002,Lapsed listener,US,4463,661,68,41,125,134
2026-06-26,C001,T002,Lapsed listener,Canada,1832,271,28,15,51,55
2026-06-26,C001,T002,Lapsed listener,Mexico,522,88,9,5,17,17
2026-06-24,C002,T015,New listener,US,5130,291,10,7,17,133
2026-06-24,C002,T015,New listener,Canada,2608,175,6,4,10,95
2026-06-24,C002,T015,New listener,Mexico,1856,108,4,2,6,53
2026-06-24,C002,T015,Casual listener,US,4686,358,19,12,29,165
2026-06-24,C002,T015,Casual listener,Canada,4312,309,16,10,26,149
2026-06-24,C002,T015,Casual listener,Mexico,1730,131,6,3,9,54
2026-06-24,C002,T015,Existing fan,US,11715,901,66,36,118,291
2026-06-24,C002,T015,Existing fan,Canada,1584,123,8,5,15,38
2026-06-24,C002,T015,Existing fan,Mexico,2870,268,17,12,34,84
2026-06-24,C002,T015,Lapsed listener,US,12118,871,49,27,82,344
2026-06-24,C002,T015,Lapsed listener,Canada,1836,134,7,3,11,52
2026-06-24,C002,T015,Lapsed listener,Mexico,1684,115,6,3,11,48
2026-06-25,C002,T015,New listener,US,7799,540,19,13,30,248
2026-06-25,C002,T015,New listener,Canada,2758,181,6,4,10,91
2026-06-25,C002,T015,New listener,Mexico,1656,110,4,2,6,55
2026-06-25,C002,T015,Casual listener,US,3530,225,12,7,17,94
2026-06-25,C002,T015,Casual listener,Canada,4287,298,15,9,24,126
2026-06-25,C002,T015,Casual listener,Mexico,2268,160,8,5,12,65
2026-06-25,C002,T015,Existing fan,US,4056,323,23,13,38,95
2026-06-25,C002,T015,Existing fan,Canada,2852,261,20,11,30,81
2026-06-25,C002,T015,Existing fan,Mexico,3482,273,18,10,33,81
2026-06-25,C002,T015,Lapsed listener,US,3902,276,14,8,24,125
2026-06-25,C002,T015,Lapsed listener,Canada,1946,156,8,4,13,61
2026-06-25,C002,T015,Lapsed listener,Mexico,3262,241,13,7,20,99
2026-06-26,C002,T015,New listener,US,10325,735,26,17,37,365
2026-06-26,C002,T015,New listener,Canada,3584,217,7,4,11,102
2026-06-26,C002,T015,New listener,Mexico,2478,168,6,4,9,78
2026-06-26,C002,T015,Casual listener,US,11874,801,38,24,65,379
2026-06-26,C002,T015,Casual listener,Canada,1655,107,4,3,9,48
2026-06-26,C002,T015,Casual listener,Mexico,2477,186,8,5,15,75
2026-06-26,C002,T015,Existing fan,US,5161,470,36,19,54,162
2026-06-26,C002,T015,Existing fan,Canada,1770,147,10,5,20,49
2026-06-26,C002,T015,Existing fan,Mexico,2177,193,14,8,23,62
2026-06-26,C002,T015,Lapsed listener,US,10610,852,43,26,85,365
2026-06-26,C002,T015,Lapsed listener,Canada,1149,87,4,2,8,37
2026-06-26,C002,T015,Lapsed listener,Mexico,1854,145,7,4,13,62
2026-06-27,C002,T015,New listener,US,8774,514,20,11,31,235
2026-06-27,C002,T015,New listener,Canada,1070,67,2,1,3,33
2026-06-27,C002,T015,New listener,Mexico,2855,199,8,4,10,93
2026-06-27,C002,T015,Casual listener,US,7914,630,31,18,55,277
2026-06-27,C002,T015,Casual listener,Canada,3793,259,12,8,21,118
2026-06-27,C002,T015,Casual listener,Mexico,1951,142,6,4,11,59
2026-06-27,C002,T015,Existing fan,US,7488,692,52,29,85,220
2026-06-27,C002,T015,Existing fan,Canada,3938,377,29,14,43,124
2026-06-27,C002,T015,Existing fan,Mexico,2454,233,16,9,30,69
2026-06-27,C002,T015,Lapsed listener,US,3506,248,13,7,22,99
2026-06-27,C002,T015,Lapsed listener,Canada,3506,243,13,6,22,97
2026-06-27,C002,T015,Lapsed listener,Mexico,1274,97,5,2,9,41
2026-06-28,C002,T015,New listener,US,6261,357,13,9,18,187
2026-06-28,C002,T015,New listener,Canada,963,68,2,1,3,36
2026-06-28,C002,T015,New listener,Mexico,2776,176,6,4,9,90
2026-06-28,C002,T015,Casual listener,US,4101,302,14,9,26,121
2026-06-28,C002,T015,Casual listener,Canada,1833,127,6,4,9,60
2026-06-28,C002,T015,Casual listener,Mexico,2859,188,9,6,14,75
2026-06-28,C002,T015,Existing fan,US,7247,639,42,29,75,224
2026-06-28,C002,T015,Existing fan,Canada,3717,324,25,12,40,98
2026-06-28,C002,T015,Existing fan,Mexico,1246,103,7,4,13,29
2026-06-28,C002,T015,Lapsed listener,US,7830,625,33,19,53,282
2026-06-28,C002,T015,Lapsed listener,Canada,3012,242,12,6,22,95
2026-06-28,C002,T015,Lapsed listener,Mexico,1364,101,5,2,9,42
2026-06-29,C002,T015,New listener,US,6550,465,17,11,23,238
2026-06-29,C002,T015,New listener,Canada,2074,118,4,2,6,58
2026-06-29,C002,T015,New listener,Mexico,2013,134,5,3,7,62
2026-06-29,C002,T015,Casual listener,US,4608,326,16,11,25,150
2026-06-29,C002,T015,Casual listener,Canada,3235,244,12,7,20,112
2026-06-29,C002,T015,Casual listener,Mexico,3173,245,11,7,20,99
2026-06-29,C002,T015,Existing fan,US,10874,855,66,38,99,275
2026-06-29,C002,T015,Existing fan,Canada,1719,143,10,5,16,46
2026-06-29,C002,T015,Existing fan,Mexico,1116,106,7,4,12,33
2026-06-29,C002,T015,Lapsed listener,US,10870,725,38,23,69,299
2026-06-29,C002,T015,Lapsed listener,Canada,920,72,3,1,6,27
2026-06-29,C002,T015,Lapsed listener,Mexico,991,81,3,2,6,33
2026-06-30,C002,T015,New listener,US,4482,305,12,7,16,166
2026-06-30,C002,T015,New listener,Canada,2706,171,7,4,8,93
2026-06-30,C002,T015,New listener,Mexico,2846,166,6,3,10,80
2026-06-30,C002,T015,Casual listener,US,4369,327,15,9,23,139
2026-06-30,C002,T015,Casual listener,Canada,3481,243,11,7,19,100
2026-06-30,C002,T015,Casual listener,Mexico,1464,115,5,3,9,50
2026-06-30,C002,T015,Existing fan,US,2797,227,15,9,27,75
2026-06-30,C002,T015,Existing fan,Canada,1108,90,5,3,11,30
2026-06-30,C002,T015,Existing fan,Mexico,943,74,5,2,9,24
2026-06-30,C002,T015,Lapsed listener,US,10704,818,44,23,72,320
2026-06-30,C002,T015,Lapsed listener,Canada,3370,234,11,6,23,106
2026-06-30,C002,T015,Lapsed listener,Mexico,1411,108,5,3,10,49
2026-07-01,C002,T015,New listener,US,7683,525,19,12,27,254
2026-07-01,C002,T015,New listener,Canada,3338,212,8,4,12,111
2026-07-01,C002,T015,New listener,Mexico,917,59,2,1,3,27
2026-07-01,C002,T015,Casual listener,US,5261,359,16,10,28,160
2026-07-01,C002,T015,Casual listener,Canada,1729,109,5,3,8,44
2026-07-01,C002,T015,Casual listener,Mexico,2938,220,11,6,19,94
2026-07-01,C002,T015,Existing fan,US,2701,218,14,9,28,73
2026-07-01,C002,T015,Existing fan,Canada,1970,178,13,7,20,54
2026-07-01,C002,T015,Existing fan,Mexico,1777,149,10,6,17,47
2026-07-01,C002,T015,Lapsed listener,US,9264,686,38,21,66,279
2026-07-01,C002,T015,Lapsed listener,Canada,1788,129,6,3,11,50
2026-07-01,C002,T015,Lapsed listener,Mexico,1692,127,6,3,11,50
2026-07-02,C002,T015,New listener,US,5444,338,14,8,19,174
2026-07-02,C002,T015,New listener,Canada,1973,134,5,3,7,66
2026-07-02,C002,T015,New listener,Mexico,1975,116,4,2,7,58
2026-07-02,C002,T015,Casual listener,US,3187,228,12,6,19,92
2026-07-02,C002,T015,Casual listener,Canada,849,59,3,1,4,23
2026-07-02,C002,T015,Casual listener,Mexico,2541,178,8,5,15,85
2026-07-02,C002,T015,Existing fan,US,8842,678,49,27,76,226
2026-07-02,C002,T015,Existing fan,Canada,3221,311,20,13,39,105
2026-07-02,C002,T015,Existing fan,Mexico,1337,105,7,4,12,33
2026-07-02,C002,T015,Lapsed listener,US,7084,499,25,14,44,213
2026-07-02,C002,T015,Lapsed listener,Canada,1832,130,7,3,13,56
2026-07-02,C002,T015,Lapsed listener,Mexico,792,53,2,1,4,20
2026-07-03,C002,T015,New listener,US,4522,260,10,6,14,141
2026-07-03,C002,T015,New listener,Canada,1208,84,3,1,5,43
2026-07-03,C002,T015,New listener,Mexico,2679,170,6,3,10,91
2026-07-03,C002,T015,Casual listener,US,9528,703,32,23,51,294
2026-07-03,C002,T015,Casual listener,Canada,1420,107,5,3,7,44
2026-07-03,C002,T015,Casual listener,Mexico,1513,109,5,3,8,47
2026-07-03,C002,T015,Existing fan,US,4122,382,28,14,49,118
2026-07-03,C002,T015,Existing fan,Canada,1218,104,8,4,13,36
2026-07-03,C002,T015,Existing fan,Mexico,2071,199,14,8,26,63
2026-07-03,C002,T015,Lapsed listener,US,5247,378,21,11,35,164
2026-07-03,C002,T015,Lapsed listener,Canada,1166,92,4,2,7,37
2026-07-03,C002,T015,Lapsed listener,Mexico,2011,157,8,4,13,61
2026-07-04,C002,T015,New listener,US,2327,164,6,4,8,74
2026-07-04,C002,T015,New listener,Canada,2581,163,6,3,8,78
2026-07-04,C002,T015,New listener,Mexico,955,62,2,1,3,30
2026-07-04,C002,T015,Casual listener,US,3309,248,12,8,19,110
2026-07-04,C002,T015,Casual listener,Canada,2369,155,7,4,11,64
2026-07-04,C002,T015,Casual listener,Mexico,1589,110,5,3,8,46
2026-07-04,C002,T015,Existing fan,US,8393,744,50,28,88,259
2026-07-04,C002,T015,Existing fan,Canada,2166,203,14,9,24,64
2026-07-04,C002,T015,Existing fan,Mexico,2691,213,14,9,24,65
2026-07-04,C002,T015,Lapsed listener,US,7187,597,30,18,54,255
2026-07-04,C002,T015,Lapsed listener,Canada,1788,127,6,4,11,58
2026-07-04,C002,T015,Lapsed listener,Mexico,1325,101,5,3,9,46
2026-07-05,C002,T015,New listener,US,7724,547,20,14,32,248
2026-07-05,C002,T015,New listener,Canada,2412,160,5,3,8,74
2026-07-05,C002,T015,New listener,Mexico,2033,139,4,3,7,67
2026-07-05,C002,T015,Casual listener,US,8264,647,34,19,47,314
2026-07-05,C002,T015,Casual listener,Canada,2933,213,11,6,16,97
2026-07-05,C002,T015,Casual listener,Mexico,1172,86,3,2,7,37
2026-07-05,C002,T015,Existing fan,US,6167,595,42,22,70,190
2026-07-05,C002,T015,Existing fan,Canada,2859,251,18,9,30,79
2026-07-05,C002,T015,Existing fan,Mexico,2588,234,15,10,28,71
2026-07-05,C002,T015,Lapsed listener,US,3222,218,12,6,19,91
2026-07-05,C002,T015,Lapsed listener,Canada,1588,119,6,3,11,49
2026-07-05,C002,T015,Lapsed listener,Mexico,839,59,3,1,5,25
2026-07-06,C002,T015,New listener,US,4036,285,11,6,16,137
2026-07-06,C002,T015,New listener,Canada,2407,171,6,4,8,87
2026-07-06,C002,T015,New listener,Mexico,2001,124,5,3,6,60
2026-07-06,C002,T015,Casual listener,US,2178,162,7,5,13,65
2026-07-06,C002,T015,Casual listener,Canada,1125,85,4,2,6,34
2026-07-06,C002,T015,Casual listener,Mexico,2187,156,7,4,12,70
2026-07-06,C002,T015,Existing fan,US,6169,516,37,19,66,175
2026-07-06,C002,T015,Existing fan,Canada,3054,238,16,9,28,71
2026-07-06,C002,T015,Existing fan,Mexico,1055,91,6,3,11,27
2026-07-06,C002,T015,Lapsed listener,US,8370,654,35,21,60,275
2026-07-06,C002,T015,Lapsed listener,Canada,1277,88,4,2,8,40
2026-07-06,C002,T015,Lapsed listener,Mexico,2171,148,8,4,13,62
2026-07-07,C002,T015,New listener,US,7605,477,19,11,24,215
2026-07-07,C002,T015,New listener,Canada,1546,94,3,2,4,46
2026-07-07,C002,T015,New listener,Mexico,2140,138,4,3,8,73
2026-07-07,C002,T015,Casual listener,US,6198,445,23,14,35,186
2026-07-07,C002,T015,Casual listener,Canada,2330,149,7,4,11,72
2026-07-07,C002,T015,Casual listener,Mexico,1997,133,7,3,11,54
2026-07-07,C002,T015,Existing fan,US,4734,382,29,16,50,124
2026-07-07,C002,T015,Existing fan,Canada,2342,186,12,7,21,54
2026-07-07,C002,T015,Existing fan,Mexico,1684,147,10,5,20,45
2026-07-07,C002,T015,Lapsed listener,US,8517,600,34,19,57,232
2026-07-07,C002,T015,Lapsed listener,Canada,2278,187,10,6,15,84
2026-07-07,C002,T015,Lapsed listener,Mexico,1365,93,4,2,9,38
2026-07-08,C002,T015,New listener,US,3556,231,8,5,12,118
2026-07-08,C002,T015,New listener,Canada,1026,64,2,1,3,31
2026-07-08,C002,T015,New listener,Mexico,2055,126,4,3,7,65
2026-07-08,C002,T015,Casual listener,US,7016,515,26,16,44,224
2026-07-08,C002,T015,Casual listener,Canada,2278,174,8,5,13,78
2026-07-08,C002,T015,Casual listener,Mexico,960,69,3,2,5,27
2026-07-08,C002,T015,Existing fan,US,3090,276,21,10,37,82
2026-07-08,C002,T015,Existing fan,Canada,2378,181,14,7,23,53
2026-07-08,C002,T015,Existing fan,Mexico,1484,118,9,4,15,35
2026-07-08,C002,T015,Lapsed listener,US,6069,471,25,12,44,207
2026-07-08,C002,T015,Lapsed listener,Canada,1551,113,5,3,9,43
2026-07-08,C002,T015,Lapsed listener,Mexico,2378,165,9,4,15,74
2026-07-09,C002,T015,New listener,US,6428,430,16,9,22,227
2026-07-09,C002,T015,New listener,Canada,1033,63,2,1,3,32
2026-07-09,C002,T015,New listener,Mexico,940,62,2,1,3,31
2026-07-09,C002,T015,Casual listener,US,3686,258,13,8,19,112
2026-07-09,C002,T015,Casual listener,Canada,2258,174,7,4,14,78
2026-07-09,C002,T015,Casual listener,Mexico,1686,115,5,3,8,52
2026-07-09,C002,T015,Existing fan,US,4578,402,29,17,52,133
2026-07-09,C002,T015,Existing fan,Canada,1750,141,10,5,17,46
2026-07-09,C002,T015,Existing fan,Mexico,1255,108,7,4,13,34
2026-07-09,C002,T015,Lapsed listener,US,2071,172,9,4,16,73
2026-07-09,C002,T015,Lapsed listener,Canada,1980,149,7,4,15,57
2026-07-09,C002,T015,Lapsed listener,Mexico,2290,153,7,4,12,68
2026-07-13,C003,T018,New listener,US,9040,1152,91,53,124,300
2026-07-13,C003,T018,New listener,Canada,3206,434,30,17,43,125
2026-07-13,C003,T018,New listener,Mexico,1241,168,12,7,19,46
2026-07-13,C003,T018,Casual listener,US,3265,465,44,28,70,104
2026-07-13,C003,T018,Casual listener,Canada,2752,372,37,18,61,91
2026-07-13,C003,T018,Casual listener,Mexico,1316,178,18,10,26,46
2026-07-13,C003,T018,Existing fan,US,9254,1692,258,121,402,303
2026-07-13,C003,T018,Existing fan,Canada,2013,387,51,31,91,65
2026-07-13,C003,T018,Existing fan,Mexico,2594,422,63,32,94,71
2026-07-13,C003,T018,Lapsed listener,US,7120,996,111,51,167,236
2026-07-13,C003,T018,Lapsed listener,Canada,3373,550,52,31,89,132
2026-07-13,C003,T018,Lapsed listener,Mexico,716,105,10,5,17,25
2026-07-14,C003,T018,New listener,US,2763,375,31,17,40,96
2026-07-14,C003,T018,New listener,Canada,2577,380,28,17,42,93
2026-07-14,C003,T018,New listener,Mexico,835,103,8,4,12,25
2026-07-14,C003,T018,Casual listener,US,8201,1331,137,71,194,313
2026-07-14,C003,T018,Casual listener,Canada,2374,328,32,17,53,77
2026-07-14,C003,T018,Casual listener,Mexico,2744,455,48,26,75,108
2026-07-14,C003,T018,Existing fan,US,5417,903,140,61,222,158
2026-07-14,C003,T018,Existing fan,Canada,828,167,21,13,43,29
2026-07-14,C003,T018,Existing fan,Mexico,1016,171,26,12,45,31
2026-07-14,C003,T018,Lapsed listener,US,4117,678,64,40,132,153
2026-07-14,C003,T018,Lapsed listener,Canada,2389,370,40,20,66,85
2026-07-14,C003,T018,Lapsed listener,Mexico,2045,287,30,15,56,61
2026-07-15,C003,T018,New listener,US,5425,790,65,34,92,202
2026-07-15,C003,T018,New listener,Canada,2640,335,23,13,38,90
2026-07-15,C003,T018,New listener,Mexico,1157,140,10,5,14,36
2026-07-15,C003,T018,Casual listener,US,4772,704,68,42,102,177
2026-07-15,C003,T018,Casual listener,Canada,2024,325,33,16,55,74
2026-07-15,C003,T018,Casual listener,Mexico,938,147,15,8,21,33
2026-07-15,C003,T018,Existing fan,US,4360,704,99,52,180,114
2026-07-15,C003,T018,Existing fan,Canada,2679,441,66,30,98,79
2026-07-15,C003,T018,Existing fan,Mexico,1386,230,35,16,57,40
2026-07-15,C003,T018,Lapsed listener,US,9350,1495,168,75,296,316
2026-07-15,C003,T018,Lapsed listener,Canada,2602,438,41,25,83,91
2026-07-15,C003,T018,Lapsed listener,Mexico,2203,308,34,16,58,69
2026-07-16,C003,T018,New listener,US,6677,936,66,39,96,237
2026-07-16,C003,T018,New listener,Canada,1330,158,12,6,16,41
2026-07-16,C003,T018,New listener,Mexico,2424,324,22,14,34,88
2026-07-16,C003,T018,Casual listener,US,8365,1173,125,66,168,271
2026-07-16,C003,T018,Casual listener,Canada,2175,323,33,17,52,73
2026-07-16,C003,T018,Casual listener,Mexico,1498,206,19,10,35,51
2026-07-16,C003,T018,Existing fan,US,2851,557,79,40,138,90
2026-07-16,C003,T018,Existing fan,Canada,1374,226,33,16,58,41
2026-07-16,C003,T018,Existing fan,Mexico,789,152,23,11,40,25
2026-07-16,C003,T018,Lapsed listener,US,4211,608,64,35,114,148
2026-07-16,C003,T018,Lapsed listener,Canada,847,139,14,7,23,34
2026-07-16,C003,T018,Lapsed listener,Mexico,2231,353,34,17,58,81
2026-07-17,C003,T018,New listener,US,2315,312,21,14,32,76
2026-07-17,C003,T018,New listener,Canada,1397,206,16,8,20,55
2026-07-17,C003,T018,New listener,Mexico,1036,148,12,7,17,38
2026-07-17,C003,T018,Casual listener,US,6598,1005,94,54,175,249
2026-07-17,C003,T018,Casual listener,Canada,2403,383,40,22,57,99
2026-07-17,C003,T018,Casual listener,Mexico,1724,240,23,12,36,59
2026-07-17,C003,T018,Existing fan,US,3540,594,76,46,147,108
2026-07-17,C003,T018,Existing fan,Canada,2910,470,68,38,125,75
2026-07-17,C003,T018,Existing fan,Mexico,2390,393,56,28,87,65
2026-07-17,C003,T018,Lapsed listener,US,5731,826,92,41,155,191
2026-07-17,C003,T018,Lapsed listener,Canada,2011,311,30,16,51,66
2026-07-17,C003,T018,Lapsed listener,Mexico,929,153,14,8,27,32
2026-07-18,C003,T018,New listener,US,6582,882,65,39,89,233
2026-07-18,C003,T018,New listener,Canada,2853,397,31,16,39,112
2026-07-18,C003,T018,New listener,Mexico,1475,175,12,7,18,50
2026-07-18,C003,T018,Casual listener,US,3792,597,58,36,87,144
2026-07-18,C003,T018,Casual listener,Canada,2495,390,37,22,63,91
2026-07-18,C003,T018,Casual listener,Mexico,730,98,9,5,16,24
2026-07-18,C003,T018,Existing fan,US,7972,1369,187,97,304,237
2026-07-18,C003,T018,Existing fan,Canada,2526,421,58,31,98,74
2026-07-18,C003,T018,Existing fan,Mexico,2417,438,57,31,109,81
2026-07-18,C003,T018,Lapsed listener,US,7239,1228,122,65,221,285
2026-07-18,C003,T018,Lapsed listener,Canada,1027,166,16,8,29,35
2026-07-18,C003,T018,Lapsed listener,Mexico,702,103,10,5,17,21
2026-07-19,C003,T018,New listener,US,2983,360,26,16,43,97
2026-07-19,C003,T018,New listener,Canada,2670,320,23,14,38,88
2026-07-19,C003,T018,New listener,Mexico,1964,268,19,11,28,76
2026-07-19,C003,T018,Casual listener,US,2322,346,36,20,57,84
2026-07-19,C003,T018,Casual listener,Canada,1099,181,17,11,26,40
2026-07-19,C003,T018,Casual listener,Mexico,1121,152,14,9,23,39
2026-07-19,C003,T018,Existing fan,US,3528,693,94,56,183,108
2026-07-19,C003,T018,Existing fan,Canada,2070,382,55,30,93,70
2026-07-19,C003,T018,Existing fan,Mexico,583,113,16,8,27,18
2026-07-19,C003,T018,Lapsed listener,US,3532,562,59,33,93,116
2026-07-19,C003,T018,Lapsed listener,Canada,1029,172,19,10,33,36
2026-07-19,C003,T018,Lapsed listener,Mexico,1996,318,32,16,56,73
2026-07-20,C003,T018,New listener,US,6032,720,59,30,74,200
2026-07-20,C003,T018,New listener,Canada,1584,233,16,10,24,59
2026-07-20,C003,T018,New listener,Mexico,1948,284,22,13,29,72
2026-07-20,C003,T018,Casual listener,US,6459,1027,96,60,167,223
2026-07-20,C003,T018,Casual listener,Canada,2191,304,31,17,50,77
2026-07-20,C003,T018,Casual listener,Mexico,691,103,9,5,16,22
2026-07-20,C003,T018,Existing fan,US,7296,1449,188,102,377,264
2026-07-20,C003,T018,Existing fan,Canada,1517,245,31,17,56,40
2026-07-20,C003,T018,Existing fan,Mexico,1869,340,50,23,75,56
2026-07-20,C003,T018,Lapsed listener,US,8016,1240,140,67,226,270
2026-07-20,C003,T018,Lapsed listener,Canada,1549,257,27,13,45,54
2026-07-20,C003,T018,Lapsed listener,Mexico,2181,364,35,18,62,77
2026-07-21,C003,T018,New listener,US,5916,797,65,38,90,210
2026-07-21,C003,T018,New listener,Canada,1070,148,11,5,15,41
2026-07-21,C003,T018,New listener,Mexico,1365,192,15,8,22,54
2026-07-21,C003,T018,Casual listener,US,6411,900,87,52,152,209
2026-07-21,C003,T018,Casual listener,Canada,968,127,13,7,21,30
2026-07-21,C003,T018,Casual listener,Mexico,2172,332,31,17,48,86
2026-07-21,C003,T018,Existing fan,US,5074,1004,137,79,264,164
2026-07-21,C003,T018,Existing fan,Canada,1130,206,28,14,53,37
2026-07-21,C003,T018,Existing fan,Mexico,1641,310,46,24,78,58
2026-07-21,C003,T018,Lapsed listener,US,4418,760,77,43,139,188
2026-07-21,C003,T018,Lapsed listener,Canada,1266,190,20,10,35,42
2026-07-21,C003,T018,Lapsed listener,Mexico,1514,237,26,13,46,50
2026-07-22,C003,T018,New listener,US,2713,361,28,16,40,103
2026-07-22,C003,T018,New listener,Canada,1705,237,17,9,27,61
2026-07-22,C003,T018,New listener,Mexico,1392,181,14,7,18,43
2026-07-22,C003,T018,Casual listener,US,7412,1127,112,62,168,247
2026-07-22,C003,T018,Casual listener,Canada,1856,279,26,16,41,72
2026-07-22,C003,T018,Casual listener,Mexico,1423,207,20,12,32,47
2026-07-22,C003,T018,Existing fan,US,3513,682,97,52,155,119
2026-07-22,C003,T018,Existing fan,Canada,617,111,14,8,27,17
2026-07-22,C003,T018,Existing fan,Mexico,734,121,17,9,29,20
2026-07-22,C003,T018,Lapsed listener,US,1815,252,24,13,41,54
2026-07-22,C003,T018,Lapsed listener,Canada,2347,340,36,19,58,79
2026-07-22,C003,T018,Lapsed listener,Mexico,1427,213,20,11,36,43
2026-07-23,C003,T018,New listener,US,2142,273,20,12,30,70
2026-07-23,C003,T018,New listener,Canada,1009,130,10,5,13,37
2026-07-23,C003,T018,New listener,Mexico,1538,182,13,8,18,43
2026-07-23,C003,T018,Casual listener,US,6440,884,84,51,127,225
2026-07-23,C003,T018,Casual listener,Canada,1397,222,22,12,32,48
2026-07-23,C003,T018,Casual listener,Mexico,531,70,6,3,10,15
2026-07-23,C003,T018,Existing fan,US,3148,532,79,36,127,83
2026-07-23,C003,T018,Existing fan,Canada,2240,385,56,26,100,60
2026-07-23,C003,T018,Existing fan,Mexico,788,136,20,10,33,24
2026-07-23,C003,T018,Lapsed listener,US,6614,1154,116,62,194,262
2026-07-23,C003,T018,Lapsed listener,Canada,1244,203,21,10,33,41
2026-07-23,C003,T018,Lapsed listener,Mexico,769,130,13,6,21,29
2026-07-24,C003,T018,New listener,US,2580,380,29,16,45,96
2026-07-24,C003,T018,New listener,Canada,719,87,6,3,9,24
2026-07-24,C003,T018,New listener,Mexico,1260,166,11,7,19,39
2026-07-24,C003,T018,Casual listener,US,2917,452,41,24,71,109
2026-07-24,C003,T018,Casual listener,Canada,851,123,11,6,19,28
2026-07-24,C003,T018,Casual listener,Mexico,1445,225,21,12,38,49
2026-07-24,C003,T018,Existing fan,US,2864,546,71,44,124,91
2026-07-24,C003,T018,Existing fan,Canada,2388,433,62,32,108,78
2026-07-24,C003,T018,Existing fan,Mexico,538,106,16,8,27,18
2026-07-24,C003,T018,Lapsed listener,US,6092,866,88,43,148,187
2026-07-24,C003,T018,Lapsed listener,Canada,2184,364,38,20,71,84
2026-07-24,C003,T018,Lapsed listener,Mexico,1325,208,22,11,37,49
2026-07-25,C003,T018,New listener,US,5852,757,59,32,88,203
2026-07-25,C003,T018,New listener,Canada,711,84,6,3,9,22
2026-07-25,C003,T018,New listener,Mexico,858,103,7,4,12,24
2026-07-25,C003,T018,Casual listener,US,3571,539,51,32,78,126
2026-07-25,C003,T018,Casual listener,Canada,2262,333,34,18,49,78
2026-07-25,C003,T018,Casual listener,Mexico,494,66,6,3,9,14
2026-07-25,C003,T018,Existing fan,US,6929,1402,206,114,346,246
2026-07-25,C003,T018,Existing fan,Canada,1913,386,53,26,89,65
2026-07-25,C003,T018,Existing fan,Mexico,1831,354,51,27,84,59
2026-07-25,C003,T018,Lapsed listener,US,2469,411,40,21,79,101
2026-07-25,C003,T018,Lapsed listener,Canada,1421,225,22,11,43,50
2026-07-25,C003,T018,Lapsed listener,Mexico,1459,207,22,10,40,45
2026-07-26,C003,T018,New listener,US,5465,791,56,33,91,191
2026-07-26,C003,T018,New listener,Canada,2240,273,22,11,30,72
2026-07-26,C003,T018,New listener,Mexico,1630,192,15,8,20,51
2026-07-26,C003,T018,Casual listener,US,5903,940,99,54,139,237
2026-07-26,C003,T018,Casual listener,Canada,832,120,11,7,19,27
2026-07-26,C003,T018,Casual listener,Mexico,1893,310,31,16,53,80
2026-07-26,C003,T018,Existing fan,US,5429,1060,140,81,278,181
2026-07-26,C003,T018,Existing fan,Canada,2121,419,62,34,105,67
2026-07-26,C003,T018,Existing fan,Mexico,1132,215,33,15,54,40
2026-07-26,C003,T018,Lapsed listener,US,3080,483,52,25,80,105
2026-07-26,C003,T018,Lapsed listener,Canada,1926,307,34,17,57,74
2026-07-26,C003,T018,Lapsed listener,Mexico,1713,254,28,14,46,51
2026-07-27,C003,T018,New listener,US,2720,326,22,13,37,95
2026-07-27,C003,T018,New listener,Canada,1221,150,10,7,15,40
2026-07-27,C003,T018,New listener,Mexico,1256,181,12,8,20,51
2026-07-27,C003,T018,Casual listener,US,6167,895,87,53,148,220
2026-07-27,C003,T018,Casual listener,Canada,647,106,10,6,18,24
2026-07-27,C003,T018,Casual listener,Mexico,1705,227,23,11,38,57
2026-07-27,C003,T018,Existing fan,US,5188,1019,158,80,256,182
2026-07-27,C003,T018,Existing fan,Canada,2055,395,53,31,90,66
2026-07-27,C003,T018,Existing fan,Mexico,597,100,13,7,23,16
2026-07-27,C003,T018,Lapsed listener,US,6128,906,87,53,147,202
2026-07-27,C003,T018,Lapsed listener,Canada,951,132,14,7,25,30
2026-07-27,C003,T018,Lapsed listener,Mexico,1123,175,18,9,33,38
2026-07-28,C003,T018,New listener,US,3241,483,37,22,49,129
2026-07-28,C003,T018,New listener,Canada,1604,194,14,8,20,50
2026-07-28,C003,T018,New listener,Mexico,904,134,10,5,14,37
2026-07-28,C003,T018,Casual listener,US,1543,209,19,11,34,53
2026-07-28,C003,T018,Casual listener,Canada,1167,193,19,10,33,49
2026-07-28,C003,T018,Casual listener,Mexico,1281,180,18,9,28,45
2026-07-28,C003,T018,Existing fan,US,5610,1095,155,75,288,175
2026-07-28,C003,T018,Existing fan,Canada,1906,312,41,25,80,53
2026-07-28,C003,T018,Existing fan,Mexico,559,94,13,6,23,17
2026-07-28,C003,T018,Lapsed listener,US,3127,494,53,29,94,114
2026-07-28,C003,T018,Lapsed listener,Canada,697,115,11,6,20,23
2026-07-28,C003,T018,Lapsed listener,Mexico,534,77,7,3,14,18
2026-07-29,C003,T018,New listener,US,4616,603,47,26,59,165
2026-07-29,C003,T018,New listener,Canada,1907,225,17,9,25,54
2026-07-29,C003,T018,New listener,Mexico,559,72,5,3,8,19
2026-07-29,C003,T018,Casual listener,US,3631,576,55,31,94,135
2026-07-29,C003,T018,Casual listener,Canada,1904,265,27,15,45,60
2026-07-29,C003,T018,Casual listener,Mexico,715,101,10,6,17,24
2026-07-29,C003,T018,Existing fan,US,1517,279,40,19,61,48
2026-07-29,C003,T018,Existing fan,Canada,1913,352,46,25,90,62
2026-07-29,C003,T018,Existing fan,Mexico,863,153,22,11,34,24
2026-07-29,C003,T018,Lapsed listener,US,3405,494,48,28,95,119
2026-07-29,C003,T018,Lapsed listener,Canada,1944,301,31,15,49,62
2026-07-29,C003,T018,Lapsed listener,Mexico,1671,261,26,13,48,54
2026-07-30,C003,T018,New listener,US,1920,282,20,12,31,72
2026-07-30,C003,T018,New listener,Canada,1981,243,18,11,29,60
2026-07-30,C003,T018,New listener,Mexico,1055,133,9,6,14,37
2026-07-30,C003,T018,Casual listener,US,2410,375,35,20,59,93
2026-07-30,C003,T018,Casual listener,Canada,1730,261,23,14,44,66
2026-07-30,C003,T018,Casual listener,Mexico,686,112,10,6,18,27
2026-07-30,C003,T018,Existing fan,US,1531,302,44,24,74,54
2026-07-30,C003,T018,Existing fan,Canada,1022,204,29,15,54,34
2026-07-30,C003,T018,Existing fan,Mexico,705,124,16,9,31,20
2026-07-30,C003,T018,Lapsed listener,US,4919,771,73,41,125,164
2026-07-30,C003,T018,Lapsed listener,Canada,900,149,14,7,27,34
2026-07-30,C003,T018,Lapsed listener,Mexico,700,115,11,6,19,25
2026-06-11,C004,T004,New listener,US,4253,257,10,7,15,121
2026-06-11,C004,T004,New listener,Canada,3359,214,9,5,14,92
2026-06-11,C004,T004,New listener,Mexico,3412,226,9,6,14,102
2026-06-11,C004,T004,Casual listener,US,9683,717,38,25,68,287
2026-06-11,C004,T004,Casual listener,Canada,3290,261,13,8,24,101
2026-06-11,C004,T004,Casual listener,Mexico,3222,251,12,9,22,94
2026-06-11,C004,T004,Existing fan,US,12070,1088,83,46,146,326
2026-06-11,C004,T004,Existing fan,Canada,1772,160,12,7,20,47
2026-06-11,C004,T004,Existing fan,Mexico,3207,260,19,12,32,68
2026-06-11,C004,T004,Lapsed listener,US,13090,1003,54,33,110,354
2026-06-11,C004,T004,Lapsed listener,Canada,2055,145,7,5,15,55
2026-06-11,C004,T004,Lapsed listener,Mexico,976,79,4,2,8,28
2026-06-12,C004,T004,New listener,US,13186,948,43,23,62,433
2026-06-12,C004,T004,New listener,Canada,4348,301,12,8,17,140
2026-06-12,C004,T004,New listener,Mexico,2458,174,7,4,10,72
2026-06-12,C004,T004,Casual listener,US,3333,221,13,7,19,82
2026-06-12,C004,T004,Casual listener,Canada,1585,104,6,3,10,41
2026-06-12,C004,T004,Casual listener,Mexico,1405,90,5,3,8,32
2026-06-12,C004,T004,Existing fan,US,10262,899,70,37,124,244
2026-06-12,C004,T004,Existing fan,Canada,3776,351,27,16,50,106
2026-06-12,C004,T004,Existing fan,Mexico,3549,279,20,12,36,86
2026-06-12,C004,T004,Lapsed listener,US,7787,597,35,19,54,237
2026-06-12,C004,T004,Lapsed listener,Canada,1079,82,4,2,8,32
2026-06-12,C004,T004,Lapsed listener,Mexico,2332,171,9,5,17,61
2026-06-13,C004,T004,New listener,US,11597,731,30,18,46,344
2026-06-13,C004,T004,New listener,Canada,3269,212,9,5,13,94
2026-06-13,C004,T004,New listener,Mexico,2211,144,6,3,8,69
2026-06-13,C004,T004,Casual listener,US,4872,368,20,13,30,138
2026-06-13,C004,T004,Casual listener,Canada,3200,244,14,8,22,88
2026-06-13,C004,T004,Casual listener,Mexico,2583,205,10,6,17,88
2026-06-13,C004,T004,Existing fan,US,9973,783,60,35,110,235
2026-06-13,C004,T004,Existing fan,Canada,3200,286,23,13,40,89
2026-06-13,C004,T004,Existing fan,Mexico,1617,145,11,6,20,44
2026-06-13,C004,T004,Lapsed listener,US,7563,525,32,17,55,204
2026-06-13,C004,T004,Lapsed listener,Canada,1201,87,5,3,8,31
2026-06-13,C004,T004,Lapsed listener,Mexico,2630,190,10,6,19,75
2026-06-14,C004,T004,New listener,US,3921,277,12,7,17,126
2026-06-14,C004,T004,New listener,Canada,2809,200,8,5,11,97
2026-06-14,C004,T004,New listener,Mexico,3306,187,7,5,11,83
2026-06-14,C004,T004,Casual listener,US,8148,644,37,24,62,273
2026-06-14,C004,T004,Casual listener,Canada,4014,269,14,8,24,102
2026-06-14,C004,T004,Casual listener,Mexico,2280,180,9,6,16,65
2026-06-14,C004,T004,Existing fan,US,4662,382,30,18,49,114
2026-06-14,C004,T004,Existing fan,Canada,2641,225,17,10,32,61
2026-06-14,C004,T004,Existing fan,Mexico,2051,161,13,7,20,50
2026-06-14,C004,T004,Lapsed listener,US,10274,736,40,25,70,293
2026-06-14,C004,T004,Lapsed listener,Canada,1976,148,8,5,16,52
2026-06-14,C004,T004,Lapsed listener,Mexico,1683,136,8,4,14,47
2026-06-15,C004,T004,New listener,US,3936,263,11,7,17,118
2026-06-15,C004,T004,New listener,Canada,1153,80,3,2,5,38
2026-06-15,C004,T004,New listener,Mexico,3193,223,9,6,14,95
2026-06-15,C004,T004,Casual listener,US,6099,461,23,15,40,200
2026-06-15,C004,T004,Casual listener,Canada,1103,78,4,2,6,34
2026-06-15,C004,T004,Casual listener,Mexico,2956,209,11,6,17,84
2026-06-15,C004,T004,Existing fan,US,7653,644,55,27,84,176
2026-06-15,C004,T004,Existing fan,Canada,2692,227,18,9,32,63
2026-06-15,C004,T004,Existing fan,Mexico,2460,203,15,8,28,55
2026-06-15,C004,T004,Lapsed listener,US,4259,336,20,11,36,119
2026-06-15,C004,T004,Lapsed listener,Canada,1702,126,6,4,11,51
2026-06-15,C004,T004,Lapsed listener,Mexico,2950,223,12,7,21,90
2026-06-16,C004,T004,New listener,US,3357,210,9,5,13,93
2026-06-16,C004,T004,New listener,Canada,1382,87,3,2,5,42
2026-06-16,C004,T004,New listener,Mexico,1796,111,4,2,7,50
2026-06-16,C004,T004,Casual listener,US,11059,804,45,25,76,312
2026-06-16,C004,T004,Casual listener,Canada,3431,244,14,8,21,93
2026-06-16,C004,T004,Casual listener,Mexico,1336,103,5,3,9,42
2026-06-16,C004,T004,Existing fan,US,8554,807,59,34,105,223
2026-06-16,C004,T004,Existing fan,Canada,2347,214,17,9,31,65
2026-06-16,C004,T004,Existing fan,Mexico,2226,205,16,9,26,63
2026-06-16,C004,T004,Lapsed listener,US,4484,354,21,12,37,123
2026-06-16,C004,T004,Lapsed listener,Canada,1731,126,6,4,12,43
2026-06-16,C004,T004,Lapsed listener,Mexico,2363,178,11,5,18,62
2026-06-17,C004,T004,New listener,US,8063,494,20,12,31,204
2026-06-17,C004,T004,New listener,Canada,1692,96,4,2,5,42
2026-06-17,C004,T004,New listener,Mexico,2851,202,8,5,13,91
2026-06-17,C004,T004,Casual listener,US,10893,796,45,27,72,319
2026-06-17,C004,T004,Casual listener,Canada,3430,233,12,8,22,92
2026-06-17,C004,T004,Casual listener,Mexico,2162,151,7,4,13,63
2026-06-17,C004,T004,Existing fan,US,4494,377,30,15,56,118
2026-06-17,C004,T004,Existing fan,Canada,3159,262,22,12,36,79
2026-06-17,C004,T004,Existing fan,Mexico,2881,243,19,11,32,65
2026-06-17,C004,T004,Lapsed listener,US,8061,652,36,19,68,248
2026-06-17,C004,T004,Lapsed listener,Canada,2177,154,9,5,15,62
2026-06-17,C004,T004,Lapsed listener,Mexico,1440,98,5,3,9,38
2026-06-18,C004,T004,New listener,US,9192,546,21,13,34,229
2026-06-18,C004,T004,New listener,Canada,1320,80,3,2,4,32
2026-06-18,C004,T004,New listener,Mexico,754,48,2,1,3,23
2026-06-18,C004,T004,Casual listener,US,8807,658,32,20,62,244
2026-06-18,C004,T004,Casual listener,Canada,2081,158,7,5,13,67
2026-06-18,C004,T004,Casual listener,Mexico,2152,165,8,5,14,69
2026-06-18,C004,T004,Existing fan,US,8524,697,62,30,100,184
2026-06-18,C004,T004,Existing fan,Canada,1812,156,13,6,20,46
2026-06-18,C004,T004,Existing fan,Mexico,858,79,6,3,10,21
2026-06-18,C004,T004,Lapsed listener,US,7400,606,38,19,57,236
2026-06-18,C004,T004,Lapsed listener,Canada,2350,155,9,5,15,55
2026-06-18,C004,T004,Lapsed listener,Mexico,858,65,3,2,6,26
2026-06-19,C004,T004,New listener,US,5690,335,13,9,22,164
2026-06-19,C004,T004,New listener,Canada,1089,62,2,1,4,25
2026-06-19,C004,T004,New listener,Mexico,1534,94,4,2,5,45
2026-06-19,C004,T004,Casual listener,US,4955,313,16,11,26,113
2026-06-19,C004,T004,Casual listener,Canada,2781,201,11,6,18,81
2026-06-19,C004,T004,Casual listener,Mexico,1870,141,7,5,13,57
2026-06-19,C004,T004,Existing fan,US,3320,291,23,14,40,83
2026-06-19,C004,T004,Existing fan,Canada,3087,261,19,10,38,79
2026-06-19,C004,T004,Existing fan,Mexico,1556,129,9,6,18,34
2026-06-19,C004,T004,Lapsed listener,US,8970,715,39,22,71,262
2026-06-19,C004,T004,Lapsed listener,Canada,1251,94,5,3,8,38
2026-06-19,C004,T004,Lapsed listener,Mexico,1421,96,5,2,10,35
2026-06-20,C004,T004,New listener,US,8589,555,24,14,33,253
2026-06-20,C004,T004,New listener,Canada,1101,62,2,1,4,29
2026-06-20,C004,T004,New listener,Mexico,2326,160,6,4,10,70
2026-06-20,C004,T004,Casual listener,US,7046,538,27,18,48,225
2026-06-20,C004,T004,Casual listener,Canada,2113,135,7,4,11,51
2026-06-20,C004,T004,Casual listener,Mexico,2031,134,7,4,12,50
2026-06-20,C004,T004,Existing fan,US,9460,807,60,38,108,230
2026-06-20,C004,T004,Existing fan,Canada,2647,251,18,10,33,69
2026-06-20,C004,T004,Existing fan,Mexico,1219,107,8,5,15,31
2026-06-20,C004,T004,Lapsed listener,US,6479,526,30,18,57,192
2026-06-20,C004,T004,Lapsed listener,Canada,1838,139,7,4,15,50
2026-06-20,C004,T004,Lapsed listener,Mexico,2271,168,9,5,18,65
2026-06-21,C004,T004,New listener,US,8663,508,23,12,34,214
2026-06-21,C004,T004,New listener,Canada,2093,119,5,3,7,53
2026-06-21,C004,T004,New listener,Mexico,2559,167,7,4,10,69
2026-06-21,C004,T004,Casual listener,US,5539,383,21,12,36,140
2026-06-21,C004,T004,Casual listener,Canada,2450,177,9,5,15,70
2026-06-21,C004,T004,Casual listener,Mexico,2323,178,10,6,17,72
2026-06-21,C004,T004,Existing fan,US,5976,463,39,20,67,144
2026-06-21,C004,T004,Existing fan,Canada,2175,182,15,8,26,56
2026-06-21,C004,T004,Existing fan,Mexico,1418,130,11,6,18,38
2026-06-21,C004,T004,Lapsed listener,US,2932,209,11,7,19,79
2026-06-21,C004,T004,Lapsed listener,Canada,1697,116,7,4,12,46
2026-06-21,C004,T004,Lapsed listener,Mexico,2625,197,10,6,19,69
2026-06-22,C004,T004,New listener,US,3182,203,9,5,11,89
2026-06-22,C004,T004,New listener,Canada,2516,172,6,4,10,76
2026-06-22,C004,T004,New listener,Mexico,2531,150,6,4,8,61
2026-06-22,C004,T004,Casual listener,US,7347,502,30,15,46,197
2026-06-22,C004,T004,Casual listener,Canada,2164,143,7,5,13,53
2026-06-22,C004,T004,Casual listener,Mexico,1787,131,7,4,10,47
2026-06-22,C004,T004,Existing fan,US,4990,403,31,19,59,107
2026-06-22,C004,T004,Existing fan,Canada,967,79,6,3,11,21
2026-06-22,C004,T004,Existing fan,Mexico,1766,161,12,7,20,43
2026-06-22,C004,T004,Lapsed listener,US,8640,603,35,21,62,234
2026-06-22,C004,T004,Lapsed listener,Canada,1321,103,6,3,11,39
2026-06-22,C004,T004,Lapsed listener,Mexico,1471,101,5,3,10,34
2026-06-23,C004,T004,New listener,US,2223,128,5,3,8,55
2026-06-23,C004,T004,New listener,Canada,1149,65,3,1,3,28
2026-06-23,C004,T004,New listener,Mexico,919,64,2,1,3,26
2026-06-23,C004,T004,Casual listener,US,7447,539,31,16,52,207
2026-06-23,C004,T004,Casual listener,Canada,2658,185,9,6,16,75
2026-06-23,C004,T004,Casual listener,Mexico,1363,108,6,3,8,41
2026-06-23,C004,T004,Existing fan,US,6624,631,54,26,88,173
2026-06-23,C004,T004,Existing fan,Canada,1322,110,8,4,15,31
2026-06-23,C004,T004,Existing fan,Mexico,1335,114,9,5,15,33
2026-06-23,C004,T004,Lapsed listener,US,7345,556,30,17,57,223
2026-06-23,C004,T004,Lapsed listener,Canada,1268,90,5,3,8,37
2026-06-23,C004,T004,Lapsed listener,Mexico,1067,83,4,2,7,31
2026-06-24,C004,T004,New listener,US,3396,201,9,5,11,86
2026-06-24,C004,T004,New listener,Canada,2287,163,6,4,10,75
2026-06-24,C004,T004,New listener,Mexico,1441,84,3,2,4,41
2026-06-24,C004,T004,Casual listener,US,5071,371,20,12,31,134
2026-06-24,C004,T004,Casual listener,Canada,1006,75,4,2,6,31
2026-06-24,C004,T004,Casual listener,Mexico,1757,115,6,3,9,43
2026-06-24,C004,T004,Existing fan,US,6668,618,45,27,83,186
2026-06-24,C004,T004,Existing fan,Canada,1478,136,10,6,20,42
2026-06-24,C004,T004,Existing fan,Mexico,2123,193,16,9,26,58
2026-06-24,C004,T004,Lapsed listener,US,8915,706,40,22,73,281
2026-06-24,C004,T004,Lapsed listener,Canada,2976,225,13,7,20,78
2026-06-24,C004,T004,Lapsed listener,Mexico,2019,163,8,5,16,60
2026-06-25,C004,T004,New listener,US,2431,158,6,4,8,67
2026-06-25,C004,T004,New listener,Canada,2160,151,6,3,8,64
2026-06-25,C004,T004,New listener,Mexico,727,48,2,1,3,19
2026-06-25,C004,T004,Casual listener,US,7478,484,28,18,45,179
2026-06-25,C004,T004,Casual listener,Canada,2218,151,7,5,14,65
2026-06-25,C004,T004,Casual listener,Mexico,1953,125,6,4,11,46
2026-06-25,C004,T004,Existing fan,US,3354,263,22,12,33,78
2026-06-25,C004,T004,Existing fan,Canada,2583,231,17,10,28,62
2026-06-25,C004,T004,Existing fan,Mexico,1587,140,11,5,20,37
2026-06-25,C004,T004,Lapsed listener,US,2563,188,10,6,18,73
2026-06-25,C004,T004,Lapsed listener,Canada,1118,91,5,2,9,31
2026-06-25,C004,T004,Lapsed listener,Mexico,2084,169,10,5,18,60
2026-06-26,C004,T004,New listener,US,8197,547,23,14,34,220
2026-06-26,C004,T004,New listener,Canada,2637,160,7,4,9,67
2026-06-26,C004,T004,New listener,Mexico,708,47,1,1,3,22
2026-06-26,C004,T004,Casual listener,US,5112,350,17,11,34,130
2026-06-26,C004,T004,Casual listener,Canada,1687,123,7,4,11,46
2026-06-26,C004,T004,Casual listener,Mexico,1898,143,7,4,13,55
2026-06-26,C004,T004,Existing fan,US,5968,560,47,27,70,160
2026-06-26,C004,T004,Existing fan,Canada,1101,100,7,4,13,29
2026-06-26,C004,T004,Existing fan,Mexico,717,56,4,2,8,16
2026-06-26,C004,T004,Lapsed listener,US,8366,692,44,22,72,253
2026-06-26,C004,T004,Lapsed listener,Canada,2558,195,11,7,20,74
2026-06-26,C004,T004,Lapsed listener,Mexico,2024,151,8,5,16,62
2026-06-27,C004,T004,New listener,US,1904,111,4,3,7,46
2026-06-27,C004,T004,New listener,Canada,2096,131,5,3,8,52
2026-06-27,C004,T004,New listener,Mexico,1110,74,3,1,4,33
2026-06-27,C004,T004,Casual listener,US,1951,126,6,4,11,55
2026-06-27,C004,T004,Casual listener,Canada,1257,83,4,3,7,33
2026-06-27,C004,T004,Casual listener,Mexico,631,46,2,1,4,18
2026-06-27,C004,T004,Existing fan,US,5345,461,39,23,57,133
2026-06-27,C004,T004,Existing fan,Canada,2623,240,18,11,31,71
2026-06-27,C004,T004,Existing fan,Mexico,1550,121,9,5,16,33
2026-06-27,C004,T004,Lapsed listener,US,7399,600,35,19,62,244
2026-06-27,C004,T004,Lapsed listener,Canada,1723,135,7,4,13,51
2026-06-27,C004,T004,Lapsed listener,Mexico,1215,88,5,2,9,31
2026-06-28,C004,T004,New listener,US,5587,383,17,11,23,155
2026-06-28,C004,T004,New listener,Canada,2269,160,6,4,9,77
2026-06-28,C004,T004,New listener,Mexico,1385,94,3,2,6,45
2026-06-28,C004,T004,Casual listener,US,3166,210,10,7,20,77
2026-06-28,C004,T004,Casual listener,Canada,1684,132,7,4,10,52
2026-06-28,C004,T004,Casual listener,Mexico,643,41,2,1,3,17
2026-06-28,C004,T004,Existing fan,US,3939,328,24,14,43,93
2026-06-28,C004,T004,Existing fan,Canada,1024,84,6,3,12,24
2026-06-28,C004,T004,Existing fan,Mexico,801,64,5,2,8,19
2026-06-28,C004,T004,Lapsed listener,US,4675,356,19,11,39,136
2026-06-28,C004,T004,Lapsed listener,Canada,796,54,3,1,5,18
2026-06-28,C004,T004,Lapsed listener,Mexico,1711,125,7,4,13,49
2026-06-29,C004,T004,New listener,US,6131,405,16,11,26,187
2026-06-29,C004,T004,New listener,Canada,2375,137,6,3,8,56
2026-06-29,C004,T004,New listener,Mexico,1778,103,4,2,6,45
2026-06-29,C004,T004,Casual listener,US,3966,259,15,8,22,97
2026-06-29,C004,T004,Casual listener,Canada,1701,129,7,4,10,51
2026-06-29,C004,T004,Casual listener,Mexico,1459,103,6,3,8,41
2026-06-29,C004,T004,Existing fan,US,6736,531,45,25,70,157
2026-06-29,C004,T004,Existing fan,Canada,1607,141,11,6,19,40
2026-06-29,C004,T004,Existing fan,Mexico,1816,153,11,7,21,46
2026-06-29,C004,T004,Lapsed listener,US,6028,459,26,15,43,180
2026-06-29,C004,T004,Lapsed listener,Canada,2509,203,11,6,19,70
2026-06-29,C004,T004,Lapsed listener,Mexico,1715,118,7,3,11,47
2026-06-30,C004,T004,New listener,US,5329,328,14,8,19,136
2026-06-30,C004,T004,New listener,Canada,2462,173,7,4,9,72
2026-06-30,C004,T004,New listener,Mexico,1896,115,5,3,6,55
2026-06-30,C004,T004,Casual listener,US,4578,332,19,10,32,131
2026-06-30,C004,T004,Casual listener,Canada,1700,135,7,4,12,57
2026-06-30,C004,T004,Casual listener,Mexico,1267,81,4,3,6,32
2026-06-30,C004,T004,Existing fan,US,5142,406,31,16,55,119
2026-06-30,C004,T004,Existing fan,Canada,1616,148,11,6,19,39
2026-06-30,C004,T004,Existing fan,Mexico,855,68,5,3,10,18
2026-06-30,C004,T004,Lapsed listener,US,2926,200,10,6,21,75
2026-06-30,C004,T004,Lapsed listener,Canada,1998,166,9,5,17,67
2026-06-30,C004,T004,Lapsed listener,Mexico,2091,173,10,5,17,69
2026-07-01,C004,T004,New listener,US,5240,325,13,8,20,155
2026-07-01,C004,T004,New listener,Canada,1317,88,3,2,5,35
2026-07-01,C004,T004,New listener,Mexico,571,37,1,0,2,17
2026-07-01,C004,T004,Casual listener,US,3000,226,12,8,21,86
2026-07-01,C004,T004,Casual listener,Canada,2196,141,8,4,12,59
2026-07-01,C004,T004,Casual listener,Mexico,674,50,2,1,4,21
2026-07-01,C004,T004,Existing fan,US,6627,616,49,28,84,185
2026-07-01,C004,T004,Existing fan,Canada,1895,159,14,7,20,47
2026-07-01,C004,T004,Existing fan,Mexico,2017,186,15,8,23,53
2026-07-01,C004,T004,Lapsed listener,US,3250,248,15,7,26,85
2026-07-01,C004,T004,Lapsed listener,Canada,2095,141,8,5,13,49
2026-07-01,C004,T004,Lapsed listener,Mexico,1199,85,4,2,8,34
2026-07-02,C004,T004,New listener,US,3004,200,8,5,13,84
2026-07-02,C004,T004,New listener,Canada,1112,76,3,1,4,31
2026-07-02,C004,T004,New listener,Mexico,848,58,2,1,3,26
2026-07-02,C004,T004,Casual listener,US,3149,209,12,6,19,87
2026-07-02,C004,T004,Casual listener,Canada,913,58,3,1,5,25
2026-07-02,C004,T004,Casual listener,Mexico,1800,120,6,4,10,48
2026-07-02,C004,T004,Existing fan,US,5553,427,37,19,61,134
2026-07-02,C004,T004,Existing fan,Canada,684,53,4,2,7,15
2026-07-02,C004,T004,Existing fan,Mexico,1146,95,7,4,13,26
2026-07-02,C004,T004,Lapsed listener,US,3818,302,18,9,29,119
2026-07-02,C004,T004,Lapsed listener,Canada,1109,79,4,2,7,29
2026-07-02,C004,T004,Lapsed listener,Mexico,1782,120,6,3,11,42
2026-06-25,C005,T013,New listener,US,2114,291,18,12,29,78
2026-06-25,C005,T013,New listener,Canada,2719,376,27,14,38,99
2026-06-25,C005,T013,New listener,Mexico,2144,307,20,11,27,83
2026-06-25,C005,T013,Casual listener,US,2645,406,39,20,54,111
2026-06-25,C005,T013,Casual listener,Canada,1760,246,23,12,30,61
2026-06-25,C005,T013,Casual listener,Mexico,696,97,9,4,12,27
2026-06-25,C005,T013,Existing fan,US,3922,730,89,51,142,141
2026-06-25,C005,T013,Existing fan,Canada,1395,260,31,18,52,43
2026-06-25,C005,T013,Existing fan,Mexico,725,133,16,9,30,22
2026-06-25,C005,T013,Lapsed listener,US,1880,324,31,15,52,84
2026-06-25,C005,T013,Lapsed listener,Canada,2633,362,35,19,55,85
2026-06-25,C005,T013,Lapsed listener,Mexico,724,114,9,6,18,27
2026-06-26,C005,T013,New listener,US,7403,999,76,40,90,259
2026-06-26,C005,T013,New listener,Canada,918,118,8,4,11,35
2026-06-26,C005,T013,New listener,Mexico,1307,181,11,6,16,48
2026-06-26,C005,T013,Casual listener,US,5655,921,84,47,115,240
2026-06-26,C005,T013,Casual listener,Canada,1250,169,14,9,23,42
2026-06-26,C005,T013,Casual listener,Mexico,680,108,9,5,16,29
2026-06-26,C005,T013,Existing fan,US,1968,317,37,23,60,53
2026-06-26,C005,T013,Existing fan,Canada,2369,425,57,32,83,79
2026-06-26,C005,T013,Existing fan,Mexico,704,113,13,8,23,22
2026-06-26,C005,T013,Lapsed listener,US,2258,330,32,15,52,86
2026-06-26,C005,T013,Lapsed listener,Canada,940,145,12,7,23,32
2026-06-26,C005,T013,Lapsed listener,Mexico,1879,300,29,14,43,70
2026-06-27,C005,T013,New listener,US,5575,714,54,30,62,217
2026-06-27,C005,T013,New listener,Canada,1283,182,12,7,15,48
2026-06-27,C005,T013,New listener,Mexico,1596,196,13,7,17,56
2026-06-27,C005,T013,Casual listener,US,3015,405,38,21,58,93
2026-06-27,C005,T013,Casual listener,Canada,2170,290,23,16,41,75
2026-06-27,C005,T013,Casual listener,Mexico,1245,181,17,10,25,43
2026-06-27,C005,T013,Existing fan,US,4326,789,101,60,169,131
2026-06-27,C005,T013,Existing fan,Canada,1176,224,29,14,50,39
2026-06-27,C005,T013,Existing fan,Mexico,1605,256,31,16,54,43
2026-06-27,C005,T013,Lapsed listener,US,5192,881,91,45,135,218
2026-06-27,C005,T013,Lapsed listener,Canada,1267,187,16,10,30,49
2026-06-27,C005,T013,Lapsed listener,Mexico,1754,273,24,15,38,64
2026-06-28,C005,T013,New listener,US,3613,476,32,20,47,123
2026-06-28,C005,T013,New listener,Canada,736,108,7,4,10,28
2026-06-28,C005,T013,New listener,Mexico,1078,152,10,6,13,44
2026-06-28,C005,T013,Casual listener,US,4683,651,53,32,84,162
2026-06-28,C005,T013,Casual listener,Canada,1198,172,14,8,23,47
2026-06-28,C005,T013,Casual listener,Mexico,845,117,10,5,15,29
2026-06-28,C005,T013,Existing fan,US,3472,650,93,43,126,123
2026-06-28,C005,T013,Existing fan,Canada,759,130,15,9,26,25
2026-06-28,C005,T013,Existing fan,Mexico,1038,205,27,15,44,38
2026-06-28,C005,T013,Lapsed listener,US,3249,517,49,25,78,125
2026-06-28,C005,T013,Lapsed listener,Canada,1250,199,20,9,32,50
2026-06-28,C005,T013,Lapsed listener,Mexico,1107,162,15,7,27,42
2026-06-29,C005,T013,New listener,US,6731,987,67,37,102,294
2026-06-29,C005,T013,New listener,Canada,2078,247,17,10,24,74
2026-06-29,C005,T013,New listener,Mexico,1582,211,13,9,20,59
2026-06-29,C005,T013,Casual listener,US,3567,483,41,26,60,122
2026-06-29,C005,T013,Casual listener,Canada,1475,201,17,10,28,56
2026-06-29,C005,T013,Casual listener,Mexico,1611,255,24,13,36,63
2026-06-29,C005,T013,Existing fan,US,5758,1096,129,79,225,208
2026-06-29,C005,T013,Existing fan,Canada,2159,347,44,23,79,64
2026-06-29,C005,T013,Existing fan,Mexico,971,188,22,14,41,31
2026-06-29,C005,T013,Lapsed listener,US,4865,830,72,41,131,195
2026-06-29,C005,T013,Lapsed listener,Canada,1083,175,17,9,28,39
2026-06-29,C005,T013,Lapsed listener,Mexico,1290,188,16,9,31,46
2026-06-30,C005,T013,New listener,US,3378,479,35,19,48,136
2026-06-30,C005,T013,New listener,Canada,1771,224,14,9,21,64
2026-06-30,C005,T013,New listener,Mexico,736,97,6,4,9,27
2026-06-30,C005,T013,Casual listener,US,4739,755,73,42,112,175
2026-06-30,C005,T013,Casual listener,Canada,1873,251,21,12,37,58
2026-06-30,C005,T013,Casual listener,Mexico,837,117,10,6,17,29
2026-06-30,C005,T013,Existing fan,US,1768,304,43,21,59,54
2026-06-30,C005,T013,Existing fan,Canada,1833,351,41,23,66,68
2026-06-30,C005,T013,Existing fan,Mexico,1691,317,40,21,68,56
2026-06-30,C005,T013,Lapsed listener,US,6676,1084,103,56,166,265
2026-06-30,C005,T013,Lapsed listener,Canada,1431,205,18,10,34,52
2026-06-30,C005,T013,Lapsed listener,Mexico,554,79,7,4,12,17
2026-07-01,C005,T013,New listener,US,5974,758,57,33,74,223
2026-07-01,C005,T013,New listener,Canada,951,116,7,5,11,32
2026-07-01,C005,T013,New listener,Mexico,1287,159,11,5,14,43
2026-07-01,C005,T013,Casual listener,US,4623,679,66,35,86,156
2026-07-01,C005,T013,Casual listener,Canada,1929,305,29,17,38,84
2026-07-01,C005,T013,Casual listener,Mexico,1698,281,24,15,38,68
2026-07-01,C005,T013,Existing fan,US,6293,1187,164,87,270,210
2026-07-01,C005,T013,Existing fan,Canada,835,159,22,10,33,28
2026-07-01,C005,T013,Existing fan,Mexico,1361,253,31,17,51,47
2026-07-01,C005,T013,Lapsed listener,US,3145,501,44,28,74,109
2026-07-01,C005,T013,Lapsed listener,Canada,2040,345,33,19,58,81
2026-07-01,C005,T013,Lapsed listener,Mexico,1568,234,22,13,39,55
2026-07-02,C005,T013,New listener,US,2662,374,25,15,31,103
2026-07-02,C005,T013,New listener,Canada,1343,200,14,7,19,56
2026-07-02,C005,T013,New listener,Mexico,1348,193,12,8,19,54
2026-07-02,C005,T013,Casual listener,US,4806,653,59,31,84,165
2026-07-02,C005,T013,Casual listener,Canada,1938,321,26,18,46,75
2026-07-02,C005,T013,Casual listener,Mexico,1335,205,17,10,27,52
2026-07-02,C005,T013,Existing fan,US,2574,433,60,29,90,84
2026-07-02,C005,T013,Existing fan,Canada,1326,259,32,18,54,42
2026-07-02,C005,T013,Existing fan,Mexico,418,69,8,5,14,11
2026-07-02,C005,T013,Lapsed listener,US,3787,579,54,30,85,129
2026-07-02,C005,T013,Lapsed listener,Canada,1259,196,20,10,29,47
2026-07-02,C005,T013,Lapsed listener,Mexico,1395,237,23,12,38,52
2026-07-03,C005,T013,New listener,US,5417,765,48,30,73,202
2026-07-03,C005,T013,New listener,Canada,1705,249,16,9,22,69
2026-07-03,C005,T013,New listener,Mexico,1175,140,9,5,12,37
2026-07-03,C005,T013,Casual listener,US,2853,451,41,22,59,110
2026-07-03,C005,T013,Casual listener,Canada,1282,180,16,9,24,44
2026-07-03,C005,T013,Casual listener,Mexico,712,93,8,4,12,22
2026-07-03,C005,T013,Existing fan,US,2695,442,53,29,87,87
2026-07-03,C005,T013,Existing fan,Canada,1876,368,50,27,82,66
2026-07-03,C005,T013,Existing fan,Mexico,565,93,11,5,18,17
2026-07-03,C005,T013,Lapsed listener,US,2508,421,43,22,68,98
2026-07-03,C005,T013,Lapsed listener,Canada,1291,178,17,8,29,39
2026-07-03,C005,T013,Lapsed listener,Mexico,893,133,11,7,20,33
2026-07-04,C005,T013,New listener,US,2223,267,19,11,22,70
2026-07-04,C005,T013,New listener,Canada,1786,244,16,10,20,66
2026-07-04,C005,T013,New listener,Mexico,408,57,4,2,5,17
2026-07-04,C005,T013,Casual listener,US,2773,429,34,20,61,104
2026-07-04,C005,T013,Casual listener,Canada,1956,280,23,14,40,67
2026-07-04,C005,T013,Casual listener,Mexico,1590,212,20,11,29,56
2026-07-04,C005,T013,Existing fan,US,3505,586,80,37,128,116
2026-07-04,C005,T013,Existing fan,Canada,1762,346,45,25,68,65
2026-07-04,C005,T013,Existing fan,Mexico,613,102,12,7,20,17
2026-07-04,C005,T013,Lapsed listener,US,2231,370,33,18,57,89
2026-07-04,C005,T013,Lapsed listener,Canada,1395,228,21,10,34,50
2026-07-04,C005,T013,Lapsed listener,Mexico,985,152,15,8,25,34
2026-07-05,C005,T013,New listener,US,4313,548,40,21,47,166
2026-07-05,C005,T013,New listener,Canada,1636,242,16,9,23,71
2026-07-05,C005,T013,New listener,Mexico,1185,156,11,5,13,43
2026-07-05,C005,T013,Casual listener,US,5651,937,87,53,119,232
2026-07-05,C005,T013,Casual listener,Canada,949,135,12,7,17,36
2026-07-05,C005,T013,Casual listener,Mexico,1395,196,18,10,25,52
2026-07-05,C005,T013,Existing fan,US,4261,746,100,57,172,137
2026-07-05,C005,T013,Existing fan,Canada,820,158,19,10,33,29
2026-07-05,C005,T013,Existing fan,Mexico,649,104,14,7,21,17
2026-07-05,C005,T013,Lapsed listener,US,2646,401,39,19,63,89
2026-07-05,C005,T013,Lapsed listener,Canada,644,104,9,5,16,24
2026-07-05,C005,T013,Lapsed listener,Mexico,1392,216,19,10,35,52
2026-07-06,C005,T013,New listener,US,1519,227,17,8,21,69
2026-07-06,C005,T013,New listener,Canada,1506,199,12,8,20,54
2026-07-06,C005,T013,New listener,Mexico,688,91,5,3,8,23
2026-07-06,C005,T013,Casual listener,US,4769,736,68,39,100,200
2026-07-06,C005,T013,Casual listener,Canada,1660,220,18,11,29,57
2026-07-06,C005,T013,Casual listener,Mexico,926,131,10,6,19,32
2026-07-06,C005,T013,Existing fan,US,5430,873,123,59,168,155
2026-07-06,C005,T013,Existing fan,Canada,1301,231,27,15,45,40
2026-07-06,C005,T013,Existing fan,Mexico,531,105,12,7,21,17
2026-07-06,C005,T013,Lapsed listener,US,3605,500,48,25,77,119
2026-07-06,C005,T013,Lapsed listener,Canada,489,79,7,4,11,18
2026-07-06,C005,T013,Lapsed listener,Mexico,1498,211,19,11,30,51
2026-07-07,C005,T013,New listener,US,3587,441,29,20,39,129
2026-07-07,C005,T013,New listener,Canada,603,87,6,3,7,27
2026-07-07,C005,T013,New listener,Mexico,1124,161,11,7,15,46
2026-07-07,C005,T013,Casual listener,US,5320,760,61,42,103,182
2026-07-07,C005,T013,Casual listener,Canada,606,93,7,5,12,23
2026-07-07,C005,T013,Casual listener,Mexico,736,107,9,5,15,27
2026-07-07,C005,T013,Existing fan,US,1384,258,33,17,54,48
2026-07-07,C005,T013,Existing fan,Canada,1518,260,34,19,58,51
2026-07-07,C005,T013,Existing fan,Mexico,1440,275,32,18,57,47
2026-07-07,C005,T013,Lapsed listener,US,3317,560,52,30,94,139
2026-07-07,C005,T013,Lapsed listener,Canada,1389,204,18,9,32,46
2026-07-07,C005,T013,Lapsed listener,Mexico,810,114,10,5,18,27
2026-07-08,C005,T013,New listener,US,4947,740,50,33,65,201
2026-07-08,C005,T013,New listener,Canada,480,60,4,2,5,18
2026-07-08,C005,T013,New listener,Mexico,1247,178,11,7,16,48
2026-07-08,C005,T013,Casual listener,US,1642,267,23,13,37,62
2026-07-08,C005,T013,Casual listener,Canada,732,101,9,5,12,26
2026-07-08,C005,T013,Casual listener,Mexico,1423,234,22,11,34,56
2026-07-08,C005,T013,Existing fan,US,2033,393,49,29,86,76
2026-07-08,C005,T013,Existing fan,Canada,948,190,23,12,37,33
2026-07-08,C005,T013,Existing fan,Mexico,1102,188,25,13,38,37
2026-07-08,C005,T013,Lapsed listener,US,3326,525,49,25,77,134
2026-07-08,C005,T013,Lapsed listener,Canada,742,112,11,6,15,29
2026-07-08,C005,T013,Lapsed listener,Mexico,1470,203,20,11,28,53
2026-07-09,C005,T013,New listener,US,2732,344,23,14,33,106
2026-07-09,C005,T013,New listener,Canada,670,90,5,3,7,28
2026-07-09,C005,T013,New listener,Mexico,793,101,7,4,9,30
2026-07-09,C005,T013,Casual listener,US,2218,362,33,20,52,90
2026-07-09,C005,T013,Casual listener,Canada,476,66,5,3,9,17
2026-07-09,C005,T013,Casual listener,Mexico,933,146,13,8,21,38
2026-07-09,C005,T013,Existing fan,US,4455,724,93,53,153,128
2026-07-09,C005,T013,Existing fan,Canada,462,89,11,5,18,16
2026-07-09,C005,T013,Existing fan,Mexico,336,59,7,4,11,10
2026-07-09,C005,T013,Lapsed listener,US,4520,742,74,39,106,182
2026-07-09,C005,T013,Lapsed listener,Canada,1303,217,19,11,35,49
2026-07-09,C005,T013,Lapsed listener,Mexico,1404,236,23,11,36,53
2026-07-10,C005,T013,New listener,US,3516,521,39,20,53,161
2026-07-10,C005,T013,New listener,Canada,878,129,9,5,12,34
2026-07-10,C005,T013,New listener,Mexico,1026,141,10,5,14,37
2026-07-10,C005,T013,Casual listener,US,4708,636,59,33,94,160
2026-07-10,C005,T013,Casual listener,Canada,1445,195,18,9,28,52
2026-07-10,C005,T013,Casual listener,Mexico,827,130,11,6,16,31
2026-07-10,C005,T013,Existing fan,US,2924,559,68,37,124,92
2026-07-10,C005,T013,Existing fan,Canada,949,161,20,10,34,30
2026-07-10,C005,T013,Existing fan,Mexico,472,75,9,5,16,14
2026-07-10,C005,T013,Lapsed listener,US,3555,583,57,28,83,128
2026-07-10,C005,T013,Lapsed listener,Canada,1100,189,17,9,29,47
2026-07-10,C005,T013,Lapsed listener,Mexico,1372,225,22,10,34,53
2026-07-11,C005,T013,New listener,US,3522,490,31,21,42,130
2026-07-11,C005,T013,New listener,Canada,731,97,7,4,8,26
2026-07-11,C005,T013,New listener,Mexico,1217,160,10,6,16,45
2026-07-11,C005,T013,Casual listener,US,2828,445,43,22,65,115
2026-07-11,C005,T013,Casual listener,Canada,926,138,12,6,19,35
2026-07-11,C005,T013,Casual listener,Mexico,570,85,8,4,11,20
2026-07-11,C005,T013,Existing fan,US,1448,245,29,16,53,44
2026-07-11,C005,T013,Existing fan,Canada,1405,226,28,16,47,41
2026-07-11,C005,T013,Existing fan,Mexico,565,93,11,7,18,15
2026-07-11,C005,T013,Lapsed listener,US,4217,709,68,37,103,188
2026-07-11,C005,T013,Lapsed listener,Canada,387,60,5,3,8,15
2026-07-11,C005,T013,Lapsed listener,Mexico,473,80,6,4,12,18
2026-07-12,C005,T013,New listener,US,4582,676,43,27,57,191
2026-07-12,C005,T013,New listener,Canada,1335,176,13,7,14,54
2026-07-12,C005,T013,New listener,Mexico,1055,135,9,5,13,39
2026-07-12,C005,T013,Casual listener,US,2336,377,35,18,54,100
2026-07-12,C005,T013,Casual listener,Canada,1470,242,21,12,31,67
2026-07-12,C005,T013,Casual listener,Mexico,965,129,12,6,18,31
2026-07-12,C005,T013,Existing fan,US,1997,329,42,23,73,58
2026-07-12,C005,T013,Existing fan,Canada,1584,262,35,19,55,47
2026-07-12,C005,T013,Existing fan,Mexico,947,170,22,11,37,33
2026-07-12,C005,T013,Lapsed listener,US,2188,336,31,15,50,80
2026-07-12,C005,T013,Lapsed listener,Canada,820,132,13,7,20,32
2026-07-12,C005,T013,Lapsed listener,Mexico,442,65,6,3,10,14
2026-06-04,C006,T003,New listener,US,3177,549,43,25,60,133
2026-06-04,C006,T003,New listener,Canada,2551,379,28,17,41,83
2026-06-04,C006,T003,New listener,Mexico,2151,382,30,19,45,82
2026-06-04,C006,T003,Casual listener,US,6603,1121,111,68,167,257
2026-06-04,C006,T003,Casual listener,Canada,1670,293,32,19,47,66
2026-06-04,C006,T003,Casual listener,Mexico,1501,307,35,18,46,68
2026-06-04,C006,T003,Existing fan,US,8047,1701,274,141,384,256
2026-06-04,C006,T003,Existing fan,Canada,682,141,21,12,37,23
2026-06-04,C006,T003,Existing fan,Mexico,2246,531,79,47,135,84
2026-06-04,C006,T003,Lapsed listener,US,5909,1224,127,69,212,264
2026-06-04,C006,T003,Lapsed listener,Canada,1290,270,28,17,51,54
2026-06-04,C006,T003,Lapsed listener,Mexico,2065,369,40,22,67,67
2026-06-05,C006,T003,New listener,US,3445,625,54,30,70,135
2026-06-05,C006,T003,New listener,Canada,2122,358,27,17,42,78
2026-06-05,C006,T003,New listener,Mexico,527,78,6,3,8,18
2026-06-05,C006,T003,Casual listener,US,7517,1414,151,84,230,301
2026-06-05,C006,T003,Casual listener,Canada,2597,503,58,34,88,101
2026-06-05,C006,T003,Casual listener,Mexico,673,124,12,7,18,28
2026-06-05,C006,T003,Existing fan,US,5923,1453,209,125,374,221
2026-06-05,C006,T003,Existing fan,Canada,2077,412,61,32,99,60
2026-06-05,C006,T003,Existing fan,Mexico,1112,254,41,23,68,40
2026-06-05,C006,T003,Lapsed listener,US,6429,1131,122,72,228,245
2026-06-05,C006,T003,Lapsed listener,Canada,1823,377,45,24,71,73
2026-06-05,C006,T003,Lapsed listener,Mexico,744,149,15,8,28,27
2026-06-06,C006,T003,New listener,US,5708,1045,86,48,118,275
2026-06-06,C006,T003,New listener,Canada,1755,317,25,14,37,81
2026-06-06,C006,T003,New listener,Mexico,573,101,8,4,10,24
2026-06-06,C006,T003,Casual listener,US,6379,1105,113,67,163,254
2026-06-06,C006,T003,Casual listener,Canada,1459,293,33,19,48,57
2026-06-06,C006,T003,Casual listener,Mexico,623,126,13,7,21,24
2026-06-06,C006,T003,Existing fan,US,2753,659,104,59,151,102
2026-06-06,C006,T003,Existing fan,Canada,2236,454,72,41,122,65
2026-06-06,C006,T003,Existing fan,Mexico,1268,298,48,25,80,42
2026-06-06,C006,T003,Lapsed listener,US,5210,966,101,63,176,192
2026-06-06,C006,T003,Lapsed listener,Canada,614,111,13,6,20,20
2026-06-06,C006,T003,Lapsed listener,Mexico,1482,301,33,18,52,64
2026-06-07,C006,T003,New listener,US,6560,1065,83,55,117,250
2026-06-07,C006,T003,New listener,Canada,2008,368,30,18,45,87
2026-06-07,C006,T003,New listener,Mexico,497,86,7,3,9,20
2026-06-07,C006,T003,Casual listener,US,3198,579,60,32,102,115
2026-06-07,C006,T003,Casual listener,Canada,2371,389,42,25,65,83
2026-06-07,C006,T003,Casual listener,Mexico,1234,222,25,14,38,49
2026-06-07,C006,T003,Existing fan,US,4572,1126,158,90,283,187
2026-06-07,C006,T003,Existing fan,Canada,1837,406,59,34,107,64
2026-06-07,C006,T003,Existing fan,Mexico,1361,333,54,27,78,49
2026-06-07,C006,T003,Lapsed listener,US,2024,394,43,25,78,80
2026-06-07,C006,T003,Lapsed listener,Canada,2265,414,43,25,76,88
2026-06-07,C006,T003,Lapsed listener,Mexico,884,151,18,9,26,32
2026-06-08,C006,T003,New listener,US,4331,756,68,34,77,176
2026-06-08,C006,T003,New listener,Canada,2088,333,25,16,34,76
2026-06-08,C006,T003,New listener,Mexico,468,76,6,3,9,18
2026-06-08,C006,T003,Casual listener,US,6372,1269,127,76,214,288
2026-06-08,C006,T003,Casual listener,Canada,2286,437,48,27,67,90
2026-06-08,C006,T003,Casual listener,Mexico,1906,324,36,20,49,68
2026-06-08,C006,T003,Existing fan,US,5293,1068,151,97,265,162
2026-06-08,C006,T003,Existing fan,Canada,1670,390,59,33,103,64
2026-06-08,C006,T003,Existing fan,Mexico,1911,428,65,35,116,65
2026-06-08,C006,T003,Lapsed listener,US,5337,1111,116,63,214,208
2026-06-08,C006,T003,Lapsed listener,Canada,2105,442,46,25,81,94
2026-06-08,C006,T003,Lapsed listener,Mexico,1848,345,42,21,62,64
2026-06-09,C006,T003,New listener,US,6490,1020,85,46,110,238
2026-06-09,C006,T003,New listener,Canada,1394,230,20,10,26,50
2026-06-09,C006,T003,New listener,Mexico,1175,212,16,11,23,46
2026-06-09,C006,T003,Casual listener,US,4572,753,72,46,118,159
2026-06-09,C006,T003,Casual listener,Canada,1523,299,31,19,49,67
2026-06-09,C006,T003,Casual listener,Mexico,1656,314,35,20,47,70
2026-06-09,C006,T003,Existing fan,US,2342,563,90,46,133,84
2026-06-09,C006,T003,Existing fan,Canada,2116,423,68,35,101,59
2026-06-09,C006,T003,Existing fan,Mexico,839,197,31,17,51,30
2026-06-09,C006,T003,Lapsed listener,US,2639,527,54,35,98,112
2026-06-09,C006,T003,Lapsed listener,Canada,2202,427,50,26,71,89
2026-06-09,C006,T003,Lapsed listener,Mexico,1721,306,31,19,53,64
2026-06-10,C006,T003,New listener,US,6342,1036,91,52,114,225
2026-06-10,C006,T003,New listener,Canada,583,92,7,4,10,21
2026-06-10,C006,T003,New listener,Mexico,638,95,7,4,9,21
2026-06-10,C006,T003,Casual listener,US,2268,382,44,24,56,89
2026-06-10,C006,T003,Casual listener,Canada,1030,167,16,10,26,35
2026-06-10,C006,T003,Casual listener,Mexico,1181,204,23,13,30,41
2026-06-10,C006,T003,Existing fan,US,6487,1486,231,131,363,211
2026-06-10,C006,T003,Existing fan,Canada,689,147,23,11,33,23
2026-06-10,C006,T003,Existing fan,Mexico,469,99,16,8,23,15
2026-06-10,C006,T003,Lapsed listener,US,2566,472,52,26,89,90
2026-06-10,C006,T003,Lapsed listener,Canada,920,172,21,11,32,34
2026-06-10,C006,T003,Lapsed listener,Mexico,1719,328,33,19,64,63
2026-06-11,C006,T003,New listener,US,2820,410,37,20,46,104
2026-06-11,C006,T003,New listener,Canada,1540,285,25,13,34,65
2026-06-11,C006,T003,New listener,Mexico,776,135,11,6,14,29
2026-06-11,C006,T003,Casual listener,US,2597,503,58,33,77,107
2026-06-11,C006,T003,Casual listener,Canada,1371,275,31,17,49,61
2026-06-11,C006,T003,Casual listener,Mexico,1027,177,20,10,28,38
2026-06-11,C006,T003,Existing fan,US,1601,395,57,36,100,54
2026-06-11,C006,T003,Existing fan,Canada,527,123,18,11,32,19
2026-06-11,C006,T003,Existing fan,Mexico,1624,327,54,28,82,54
2026-06-11,C006,T003,Lapsed listener,US,5054,1016,111,66,200,200
2026-06-11,C006,T003,Lapsed listener,Canada,985,205,24,13,35,40
2026-06-11,C006,T003,Lapsed listener,Mexico,847,161,17,8,28,35
2026-06-12,C006,T003,New listener,US,4212,645,56,32,76,145
2026-06-12,C006,T003,New listener,Canada,1792,329,24,16,38,80
2026-06-12,C006,T003,New listener,Mexico,414,63,5,3,7,15
2026-06-12,C006,T003,Casual listener,US,5272,893,89,58,150,194
2026-06-12,C006,T003,Casual listener,Canada,949,156,15,8,24,33
2026-06-12,C006,T003,Casual listener,Mexico,896,179,19,10,31,34
2026-06-12,C006,T003,Existing fan,US,5576,1285,207,116,289,194
2026-06-12,C006,T003,Existing fan,Canada,621,151,22,13,37,21
2026-06-12,C006,T003,Existing fan,Mexico,1529,340,51,30,91,49
2026-06-12,C006,T003,Lapsed listener,US,3590,763,86,45,138,149
2026-06-12,C006,T003,Lapsed listener,Canada,1999,414,51,23,79,91
2026-06-12,C006,T003,Lapsed listener,Mexico,944,169,18,9,32,31
2026-06-13,C006,T003,New listener,US,4638,824,69,41,89,187
2026-06-13,C006,T003,New listener,Canada,745,122,11,6,14,29
2026-06-13,C006,T003,New listener,Mexico,886,162,14,8,19,39
2026-06-13,C006,T003,Casual listener,US,5746,961,111,65,152,221
2026-06-13,C006,T003,Casual listener,Canada,636,124,12,8,18,27
2026-06-13,C006,T003,Casual listener,Mexico,1298,213,23,13,33,44
2026-06-13,C006,T003,Existing fan,US,2103,485,74,43,128,76
2026-06-13,C006,T003,Existing fan,Canada,1632,356,58,32,91,53
2026-06-13,C006,T003,Existing fan,Mexico,441,97,14,7,22,15
2026-06-13,C006,T003,Lapsed listener,US,1890,373,45,24,63,75
2026-06-13,C006,T003,Lapsed listener,Canada,1380,261,30,15,45,56
2026-06-13,C006,T003,Lapsed listener,Mexico,514,90,10,5,17,17
2026-06-14,C006,T003,New listener,US,5601,1013,88,46,109,234
2026-06-14,C006,T003,New listener,Canada,1370,252,21,12,26,57
2026-06-14,C006,T003,New listener,Mexico,1519,273,22,12,28,70
2026-06-14,C006,T003,Casual listener,US,1837,325,35,21,58,70
2026-06-14,C006,T003,Casual listener,Canada,1277,254,27,15,39,52
2026-06-14,C006,T003,Casual listener,Mexico,588,106,11,6,16,20
2026-06-14,C006,T003,Existing fan,US,2967,696,107,55,173,112
2026-06-14,C006,T003,Existing fan,Canada,1278,308,46,25,82,42
2026-06-14,C006,T003,Existing fan,Mexico,394,79,11,6,18,11
2026-06-14,C006,T003,Lapsed listener,US,5616,1192,131,80,207,231
2026-06-14,C006,T003,Lapsed listener,Canada,998,210,24,12,39,39
2026-06-14,C006,T003,Lapsed listener,Mexico,418,74,7,4,14,13
2026-06-15,C006,T003,New listener,US,2082,331,25,16,36,77
2026-06-15,C006,T003,New listener,Canada,853,156,14,8,18,40
2026-06-15,C006,T003,New listener,Mexico,492,74,6,3,7,17
2026-06-15,C006,T003,Casual listener,US,3945,694,72,44,122,156
2026-06-15,C006,T003,Casual listener,Canada,1854,315,33,20,49,61
2026-06-15,C006,T003,Casual listener,Mexico,918,184,20,12,32,37
2026-06-15,C006,T003,Existing fan,US,1872,448,73,38,104,67
2026-06-15,C006,T003,Existing fan,Canada,1666,362,56,28,94,56
2026-06-15,C006,T003,Existing fan,Mexico,1321,311,48,25,76,51
2026-06-15,C006,T003,Lapsed listener,US,5430,1086,115,71,198,208
2026-06-15,C006,T003,Lapsed listener,Canada,966,177,21,11,35,35
2026-06-15,C006,T003,Lapsed listener,Mexico,1454,252,29,14,46,48
2026-06-16,C006,T003,New listener,US,1539,252,21,12,28,59
2026-06-16,C006,T003,New listener,Canada,1588,251,20,11,26,61
2026-06-16,C006,T003,New listener,Mexico,1042,189,15,9,21,41
2026-06-16,C006,T003,Casual listener,US,3154,639,62,36,94,128
2026-06-16,C006,T003,Casual listener,Canada,886,169,17,11,29,38
2026-06-16,C006,T003,Casual listener,Mexico,718,138,16,9,23,30
2026-06-16,C006,T003,Existing fan,US,3049,603,90,54,159,91
2026-06-16,C006,T003,Existing fan,Canada,1374,332,54,25,85,56
2026-06-16,C006,T003,Existing fan,Mexico,638,155,22,13,36,22
2026-06-16,C006,T003,Lapsed listener,US,5286,1091,129,69,200,234
2026-06-16,C006,T003,Lapsed listener,Canada,1158,242,26,16,44,48
2026-06-16,C006,T003,Lapsed listener,Mexico,1425,244,25,16,43,51
2026-06-17,C006,T003,New listener,US,4547,808,71,38,89,200
2026-06-17,C006,T003,New listener,Canada,1327,233,20,11,26,56
2026-06-17,C006,T003,New listener,Mexico,401,73,5,3,7,17
2026-06-17,C006,T003,Casual listener,US,5234,1058,113,64,168,246
2026-06-17,C006,T003,Casual listener,Canada,558,103,10,5,17,21
2026-06-17,C006,T003,Casual listener,Mexico,909,150,14,9,22,33
2026-06-17,C006,T003,Existing fan,US,4473,889,130,81,217,128
2026-06-17,C006,T003,Existing fan,Canada,1073,250,35,19,62,35
2026-06-17,C006,T003,Existing fan,Mexico,1107,241,41,18,59,38
2026-06-17,C006,T003,Lapsed listener,US,3809,816,99,46,142,163
2026-06-17,C006,T003,Lapsed listener,Canada,1489,264,30,15,45,55
2026-06-17,C006,T003,Lapsed listener,Mexico,1197,218,22,12,36,43
2026-06-18,C006,T003,New listener,US,2778,462,41,24,51,112
2026-06-18,C006,T003,New listener,Canada,602,94,8,4,10,23
2026-06-18,C006,T003,New listener,Mexico,869,140,12,7,15,31
2026-06-18,C006,T003,Casual listener,US,3975,723,83,42,119,151
2026-06-18,C006,T003,Casual listener,Canada,498,85,9,5,14,17
2026-06-18,C006,T003,Casual listener,Mexico,451,86,9,5,14,20
2026-06-18,C006,T003,Existing fan,US,4755,970,147,86,242,157
2026-06-18,C006,T003,Existing fan,Canada,1303,289,42,24,71,40
2026-06-18,C006,T003,Existing fan,Mexico,1167,254,41,22,62,35
2026-06-18,C006,T003,Lapsed listener,US,1924,390,40,24,71,78
2026-06-18,C006,T003,Lapsed listener,Canada,583,113,12,7,19,24
2026-06-18,C006,T003,Lapsed listener,Mexico,623,110,11,6,19,22
2026-06-19,C006,T003,New listener,US,3601,548,47,24,58,129
2026-06-19,C006,T003,New listener,Canada,770,118,8,6,12,29
2026-06-19,C006,T003,New listener,Mexico,1240,212,18,11,23,48
2026-06-19,C006,T003,Casual listener,US,1477,278,26,16,42,56
2026-06-19,C006,T003,Casual listener,Canada,899,153,14,8,22,34
2026-06-19,C006,T003,Casual listener,Mexico,432,74,8,4,12,14
2026-06-19,C006,T003,Existing fan,US,2197,439,68,39,105,69
2026-06-19,C006,T003,Existing fan,Canada,832,206,31,17,48,29
2026-06-19,C006,T003,Existing fan,Mexico,889,183,27,14,44,27
2026-06-19,C006,T003,Lapsed listener,US,1562,313,33,19,52,68
2026-06-19,C006,T003,Lapsed listener,Canada,1267,233,26,15,39,47
2026-06-19,C006,T003,Lapsed listener,Mexico,1321,235,29,14,47,49
2026-06-20,C006,T003,New listener,US,1925,305,26,16,33,78
2026-06-20,C006,T003,New listener,Canada,1378,204,15,10,22,48
2026-06-20,C006,T003,New listener,Mexico,709,117,10,5,11,29
2026-06-20,C006,T003,Casual listener,US,1872,328,36,21,54,63
2026-06-20,C006,T003,Casual listener,Canada,1155,212,21,12,35,42
2026-06-20,C006,T003,Casual listener,Mexico,1333,273,28,18,41,56
2026-06-20,C006,T003,Existing fan,US,1357,306,52,26,73,42
2026-06-20,C006,T003,Existing fan,Canada,1065,230,33,17,62,38
2026-06-20,C006,T003,Existing fan,Mexico,692,159,24,12,39,22
2026-06-20,C006,T003,Lapsed listener,US,4112,712,75,44,122,136
2026-06-20,C006,T003,Lapsed listener,Canada,569,101,11,6,17,20
2026-06-20,C006,T003,Lapsed listener,Mexico,1039,211,22,13,37,40
2026-06-18,C007,T022,New listener,US,4416,671,56,35,70,173
2026-06-18,C007,T022,New listener,Canada,2308,331,29,15,34,79
2026-06-18,C007,T022,New listener,Mexico,1970,322,26,14,39,77
2026-06-18,C007,T022,Casual listener,US,5770,1004,96,67,155,218
2026-06-18,C007,T022,Casual listener,Canada,2557,477,47,29,76,100
2026-06-18,C007,T022,Casual listener,Mexico,2258,398,40,25,60,93
2026-06-18,C007,T022,Existing fan,US,1914,365,56,31,90,61
2026-06-18,C007,T022,Existing fan,Canada,2007,482,72,40,122,76
2026-06-18,C007,T022,Existing fan,Mexico,1694,400,67,30,107,57
2026-06-18,C007,T022,Lapsed listener,US,6332,1307,154,83,232,279
2026-06-18,C007,T022,Lapsed listener,Canada,1916,373,43,24,71,72
2026-06-18,C007,T022,Lapsed listener,Mexico,622,127,13,8,21,26
2026-06-19,C007,T022,New listener,US,3265,490,39,24,51,120
2026-06-19,C007,T022,New listener,Canada,1155,162,14,8,19,38
2026-06-19,C007,T022,New listener,Mexico,2125,377,28,19,45,85
2026-06-19,C007,T022,Casual listener,US,6018,1003,101,68,167,211
2026-06-19,C007,T022,Casual listener,Canada,1647,308,34,20,53,61
2026-06-19,C007,T022,Casual listener,Mexico,2087,394,40,22,66,92
2026-06-19,C007,T022,Existing fan,US,5734,1298,180,101,321,185
2026-06-19,C007,T022,Existing fan,Canada,2015,438,69,38,101,66
2026-06-19,C007,T022,Existing fan,Mexico,877,175,25,15,42,28
2026-06-19,C007,T022,Lapsed listener,US,3638,628,73,40,107,141
2026-06-19,C007,T022,Lapsed listener,Canada,1985,364,44,20,68,68
2026-06-19,C007,T022,Lapsed listener,Mexico,742,134,14,7,24,27
2026-06-20,C007,T022,New listener,US,2704,380,29,20,43,97
2026-06-20,C007,T022,New listener,Canada,728,104,8,4,11,27
2026-06-20,C007,T022,New listener,Mexico,1197,210,17,9,23,49
2026-06-20,C007,T022,Casual listener,US,5013,994,111,67,166,209
2026-06-20,C007,T022,Casual listener,Canada,778,153,17,10,22,35
2026-06-20,C007,T022,Casual listener,Mexico,1560,291,32,16,48,67
2026-06-20,C007,T022,Existing fan,US,4407,1055,171,83,259,170
2026-06-20,C007,T022,Existing fan,Canada,2132,462,73,34,117,78
2026-06-20,C007,T022,Existing fan,Mexico,1348,257,38,19,67,38
2026-06-20,C007,T022,Lapsed listener,US,5978,1041,116,66,201,206
2026-06-20,C007,T022,Lapsed listener,Canada,2135,443,53,29,84,87
2026-06-20,C007,T022,Lapsed listener,Mexico,1009,197,23,12,38,42
2026-06-21,C007,T022,New listener,US,1977,287,25,13,33,70
2026-06-21,C007,T022,New listener,Canada,2034,298,24,13,34,68
2026-06-21,C007,T022,New listener,Mexico,1017,149,13,7,15,39
2026-06-21,C007,T022,Casual listener,US,1954,318,36,21,54,64
2026-06-21,C007,T022,Casual listener,Canada,1379,254,29,16,42,59
2026-06-21,C007,T022,Casual listener,Mexico,1739,277,30,18,48,62
2026-06-21,C007,T022,Existing fan,US,7214,1396,208,126,362,226
2026-06-21,C007,T022,Existing fan,Canada,2331,560,85,44,132,83
2026-06-21,C007,T022,Existing fan,Mexico,758,147,23,13,38,21
2026-06-21,C007,T022,Lapsed listener,US,5070,859,92,50,164,169
2026-06-21,C007,T022,Lapsed listener,Canada,2419,453,54,30,80,90
2026-06-21,C007,T022,Lapsed listener,Mexico,797,149,17,8,26,30
2026-06-22,C007,T022,New listener,US,5725,872,76,40,91,218
2026-06-22,C007,T022,New listener,Canada,999,163,12,8,19,40
2026-06-22,C007,T022,New listener,Mexico,1947,297,24,15,31,76
2026-06-22,C007,T022,Casual listener,US,6733,1187,133,73,199,249
2026-06-22,C007,T022,Casual listener,Canada,1561,253,27,16,44,51
2026-06-22,C007,T022,Casual listener,Mexico,586,114,12,7,19,23
2026-06-22,C007,T022,Existing fan,US,3044,735,114,59,188,125
2026-06-22,C007,T022,Existing fan,Canada,1737,365,56,29,94,53
2026-06-22,C007,T022,Existing fan,Mexico,1820,383,54,33,96,63
2026-06-22,C007,T022,Lapsed listener,US,4332,797,83,44,151,156
2026-06-22,C007,T022,Lapsed listener,Canada,991,171,20,9,32,34
2026-06-22,C007,T022,Lapsed listener,Mexico,1889,317,37,20,56,71
2026-06-23,C007,T022,New listener,US,3021,531,40,28,55,116
2026-06-23,C007,T022,New listener,Canada,2042,337,28,18,38,79
2026-06-23,C007,T022,New listener,Mexico,522,75,6,3,8,16
2026-06-23,C007,T022,Casual listener,US,4802,907,104,58,134,194
2026-06-23,C007,T022,Casual listener,Canada,1652,276,29,16,41,54
2026-06-23,C007,T022,Casual listener,Mexico,1618,296,33,17,48,70
2026-06-23,C007,T022,Existing fan,US,5698,1165,188,103,270,180
2026-06-23,C007,T022,Existing fan,Canada,1803,370,52,29,95,61
2026-06-23,C007,T022,Existing fan,Mexico,1735,346,56,26,86,54
2026-06-23,C007,T022,Lapsed listener,US,6132,1137,127,70,217,246
2026-06-23,C007,T022,Lapsed listener,Canada,898,177,18,11,29,38
2026-06-23,C007,T022,Lapsed listener,Mexico,874,143,15,8,23,29
2026-06-24,C007,T022,New listener,US,2863,411,32,21,41,91
2026-06-24,C007,T022,New listener,Canada,1361,209,17,10,25,45
2026-06-24,C007,T022,New listener,Mexico,1126,160,14,8,17,38
2026-06-24,C007,T022,Casual listener,US,2685,484,52,30,85,101
2026-06-24,C007,T022,Casual listener,Canada,2039,362,39,23,53,70
2026-06-24,C007,T022,Casual listener,Mexico,756,127,14,8,20,25
2026-06-24,C007,T022,Existing fan,US,4508,922,148,75,230,136
2026-06-24,C007,T022,Existing fan,Canada,979,206,29,16,50,33
2026-06-24,C007,T022,Existing fan,Mexico,1674,336,53,26,85,53
2026-06-24,C007,T022,Lapsed listener,US,4617,872,100,53,149,190
2026-06-24,C007,T022,Lapsed listener,Canada,1412,293,32,16,54,54
2026-06-24,C007,T022,Lapsed listener,Mexico,716,134,15,7,23,25
2026-06-25,C007,T022,New listener,US,4157,707,54,36,75,157
2026-06-25,C007,T022,New listener,Canada,1108,171,12,9,17,43
2026-06-25,C007,T022,New listener,Mexico,1103,179,15,8,19,43
2026-06-25,C007,T022,Casual listener,US,3742,671,72,44,101,157
2026-06-25,C007,T022,Casual listener,Canada,1566,256,28,16,43,55
2026-06-25,C007,T022,Casual listener,Mexico,1319,232,22,12,37,46
2026-06-25,C007,T022,Existing fan,US,2490,492,76,39,132,78
2026-06-25,C007,T022,Existing fan,Canada,1513,343,50,29,88,49
2026-06-25,C007,T022,Existing fan,Mexico,1209,280,43,22,68,47
2026-06-25,C007,T022,Lapsed listener,US,3314,587,70,38,105,115
2026-06-25,C007,T022,Lapsed listener,Canada,747,143,14,8,24,29
2026-06-25,C007,T022,Lapsed listener,Mexico,602,118,13,7,23,26
2026-06-26,C007,T022,New listener,US,4728,786,70,35,87,197
2026-06-26,C007,T022,New listener,Canada,1894,316,25,15,38,80
2026-06-26,C007,T022,New listener,Mexico,1326,221,19,10,25,58
2026-06-26,C007,T022,Casual listener,US,5539,1025,97,62,154,240
2026-06-26,C007,T022,Casual listener,Canada,1871,363,35,21,54,76
2026-06-26,C007,T022,Casual listener,Mexico,510,88,9,5,13,20
2026-06-26,C007,T022,Existing fan,US,3371,786,129,70,186,121
2026-06-26,C007,T022,Existing fan,Canada,1185,238,38,20,55,35
2026-06-26,C007,T022,Existing fan,Mexico,1523,355,49,29,90,55
2026-06-26,C007,T022,Lapsed listener,US,4196,688,76,40,116,136
2026-06-26,C007,T022,Lapsed listener,Canada,977,177,17,10,30,36
2026-06-26,C007,T022,Lapsed listener,Mexico,734,133,16,7,25,25
2026-06-27,C007,T022,New listener,US,4930,766,60,36,79,196
2026-06-27,C007,T022,New listener,Canada,748,133,11,6,13,33
2026-06-27,C007,T022,New listener,Mexico,398,61,5,2,6,13
2026-06-27,C007,T022,Casual listener,US,4356,757,76,42,126,178
2026-06-27,C007,T022,Casual listener,Canada,1150,185,19,11,31,36
2026-06-27,C007,T022,Casual listener,Mexico,1230,218,24,14,34,43
2026-06-27,C007,T022,Existing fan,US,2193,507,72,41,113,81
2026-06-27,C007,T022,Existing fan,Canada,602,135,20,12,35,20
2026-06-27,C007,T022,Existing fan,Mexico,997,204,28,16,51,33
2026-06-27,C007,T022,Lapsed listener,US,2789,487,57,31,98,94
2026-06-27,C007,T022,Lapsed listener,Canada,1569,270,31,17,51,55
2026-06-27,C007,T022,Lapsed listener,Mexico,769,132,15,8,22,25
2026-06-28,C007,T022,New listener,US,4269,605,54,32,66,149
2026-06-28,C007,T022,New listener,Canada,680,117,9,5,13,30
2026-06-28,C007,T022,New listener,Mexico,828,126,10,6,14,29
2026-06-28,C007,T022,Casual listener,US,3304,566,64,36,86,131
2026-06-28,C007,T022,Casual listener,Canada,906,142,13,9,21,30
2026-06-28,C007,T022,Casual listener,Mexico,1615,258,25,17,40,53
2026-06-28,C007,T022,Existing fan,US,2045,460,73,40,105,69
2026-06-28,C007,T022,Existing fan,Canada,1352,309,48,26,72,45
2026-06-28,C007,T022,Existing fan,Mexico,1569,329,54,25,85,47
2026-06-28,C007,T022,Lapsed listener,US,5623,1163,140,75,200,235
2026-06-28,C007,T022,Lapsed listener,Canada,699,116,13,6,22,26
2026-06-28,C007,T022,Lapsed listener,Mexico,787,147,15,8,26,31
2026-06-29,C007,T022,New listener,US,5263,935,83,45,108,244
2026-06-29,C007,T022,New listener,Canada,603,95,7,5,11,21
2026-06-29,C007,T022,New listener,Mexico,906,151,11,6,17,38
2026-06-29,C007,T022,Casual listener,US,2643,495,51,31,85,116
2026-06-29,C007,T022,Casual listener,Canada,839,146,15,9,23,32
2026-06-29,C007,T022,Casual listener,Mexico,773,126,12,7,21,29
2026-06-29,C007,T022,Existing fan,US,4926,1053,169,88,250,154
2026-06-29,C007,T022,Existing fan,Canada,1087,237,34,18,55,33
2026-06-29,C007,T022,Existing fan,Mexico,656,156,23,12,41,22
2026-06-29,C007,T022,Lapsed listener,US,3058,635,67,35,119,133
2026-06-29,C007,T022,Lapsed listener,Canada,1329,236,28,15,41,44
2026-06-29,C007,T022,Lapsed listener,Mexico,947,168,17,10,32,32
2026-06-30,C007,T022,New listener,US,3177,467,42,23,57,119
2026-06-30,C007,T022,New listener,Canada,1788,258,22,12,29,66
2026-06-30,C007,T022,New listener,Mexico,1513,244,21,11,25,59
2026-06-30,C007,T022,Casual listener,US,3971,645,64,41,101,150
2026-06-30,C007,T022,Casual listener,Canada,645,114,11,7,17,24
2026-06-30,C007,T022,Casual listener,Mexico,698,128,12,7,19,27
2026-06-30,C007,T022,Existing fan,US,5429,1085,155,89,266,173
2026-06-30,C007,T022,Existing fan,Canada,1366,267,41,23,70,42
2026-06-30,C007,T022,Existing fan,Mexico,1078,226,32,17,59,38
2026-06-30,C007,T022,Lapsed listener,US,2163,378,38,21,71,69
2026-06-30,C007,T022,Lapsed listener,Canada,449,92,9,5,16,19
2026-06-30,C007,T022,Lapsed listener,Mexico,740,125,14,8,24,24
2026-07-01,C007,T022,New listener,US,4408,644,48,32,73,143
2026-07-01,C007,T022,New listener,Canada,515,74,5,3,8,16
2026-07-01,C007,T022,New listener,Mexico,759,107,8,4,12,24
2026-07-01,C007,T022,Casual listener,US,3781,700,76,46,113,165
2026-07-01,C007,T022,Casual listener,Canada,922,147,16,8,24,29
2026-07-01,C007,T022,Casual listener,Mexico,499,96,10,5,15,21
2026-07-01,C007,T022,Existing fan,US,4051,802,127,64,211,120
2026-07-01,C007,T022,Existing fan,Canada,649,132,20,10,31,22
2026-07-01,C007,T022,Existing fan,Mexico,483,111,18,10,29,16
2026-07-01,C007,T022,Lapsed listener,US,2203,399,46,25,72,74
2026-07-01,C007,T022,Lapsed listener,Canada,1722,314,36,17,55,59
2026-07-01,C007,T022,Lapsed listener,Mexico,1059,190,21,11,38,39
2026-07-02,C007,T022,New listener,US,3338,486,43,25,52,118
2026-07-02,C007,T022,New listener,Canada,1586,255,21,13,27,62
2026-07-02,C007,T022,New listener,Mexico,1094,175,15,9,18,38
2026-07-02,C007,T022,Casual listener,US,3521,549,63,30,89,129
2026-07-02,C007,T022,Casual listener,Canada,644,102,10,6,17,23
2026-07-02,C007,T022,Casual listener,Mexico,864,151,16,9,26,32
2026-07-02,C007,T022,Existing fan,US,2545,593,83,45,160,95
2026-07-02,C007,T022,Existing fan,Canada,1231,281,45,23,63,40
2026-07-02,C007,T022,Existing fan,Mexico,1383,268,44,24,60,40
2026-07-02,C007,T022,Lapsed listener,US,1693,295,29,19,53,63
2026-07-02,C007,T022,Lapsed listener,Canada,1434,282,33,17,49,56
2026-07-02,C007,T022,Lapsed listener,Mexico,941,172,19,9,29,32
2026-06-21,C008,T010,New listener,US,3723,332,15,9,23,123
2026-06-21,C008,T010,New listener,Canada,3749,330,18,11,24,129
2026-06-21,C008,T010,New listener,Mexico,2939,282,13,8,20,115
2026-06-21,C008,T010,Casual listener,US,6832,645,38,25,73,237
2026-06-21,C008,T010,Casual listener,Canada,4635,485,33,19,49,167
2026-06-21,C008,T010,Casual listener,Mexico,2729,242,16,10,24,75
2026-06-21,C008,T010,Existing fan,US,4513,515,52,27,80,116
2026-06-21,C008,T010,Existing fan,Canada,1703,180,17,10,28,44
2026-06-21,C008,T010,Existing fan,Mexico,1043,115,10,6,17,30
2026-06-21,C008,T010,Lapsed listener,US,11537,1044,70,45,114,323
2026-06-21,C008,T010,Lapsed listener,Canada,2738,308,21,11,36,95
2026-06-21,C008,T010,Lapsed listener,Mexico,1514,161,10,6,20,47
2026-06-22,C008,T010,New listener,US,5565,429,23,13,33,146
2026-06-22,C008,T010,New listener,Canada,1954,155,7,5,10,60
2026-06-22,C008,T010,New listener,Mexico,1864,174,9,5,11,71
2026-06-22,C008,T010,Casual listener,US,11679,1263,84,51,142,420
2026-06-22,C008,T010,Casual listener,Canada,1784,165,10,7,17,59
2026-06-22,C008,T010,Casual listener,Mexico,2668,241,17,10,28,82
2026-06-22,C008,T010,Existing fan,US,11365,1211,105,69,191,314
2026-06-22,C008,T010,Existing fan,Canada,1534,180,17,9,28,39
2026-06-22,C008,T010,Existing fan,Mexico,3551,405,35,20,70,93
2026-06-22,C008,T010,Lapsed listener,US,10959,1240,91,48,163,430
2026-06-22,C008,T010,Lapsed listener,Canada,4269,432,29,16,51,141
2026-06-22,C008,T010,Lapsed listener,Mexico,1459,146,10,5,17,42
2026-06-23,C008,T010,New listener,US,9614,838,41,28,64,323
2026-06-23,C008,T010,New listener,Canada,1316,121,5,4,8,48
2026-06-23,C008,T010,New listener,Mexico,2139,180,9,6,12,72
2026-06-23,C008,T010,Casual listener,US,4458,415,27,17,47,128
2026-06-23,C008,T010,Casual listener,Canada,1991,203,14,8,22,64
2026-06-23,C008,T010,Casual listener,Mexico,2310,200,12,8,20,70
2026-06-23,C008,T010,Existing fan,US,4795,535,46,27,87,133
2026-06-23,C008,T010,Existing fan,Canada,2758,330,34,19,49,84
2026-06-23,C008,T010,Existing fan,Mexico,2768,364,33,18,54,92
2026-06-23,C008,T010,Lapsed listener,US,9772,937,67,34,103,293
2026-06-23,C008,T010,Lapsed listener,Canada,2639,292,20,11,33,100
2026-06-23,C008,T010,Lapsed listener,Mexico,1657,181,11,7,21,60
2026-06-24,C008,T010,New listener,US,5414,437,24,13,32,173
2026-06-24,C008,T010,New listener,Canada,3283,275,14,8,18,109
2026-06-24,C008,T010,New listener,Mexico,3402,274,14,8,18,106
2026-06-24,C008,T010,Casual listener,US,7781,664,47,29,71,215
2026-06-24,C008,T010,Casual listener,Canada,3122,284,19,12,33,102
2026-06-24,C008,T010,Casual listener,Mexico,2758,275,18,10,30,86
2026-06-24,C008,T010,Existing fan,US,11358,1428,140,73,220,324
2026-06-24,C008,T010,Existing fan,Canada,4024,526,49,28,82,122
2026-06-24,C008,T010,Existing fan,Mexico,1342,165,16,8,26,38
2026-06-24,C008,T010,Lapsed listener,US,11301,1127,86,43,148,357
2026-06-24,C008,T010,Lapsed listener,Canada,2945,275,19,11,32,93
2026-06-24,C008,T010,Lapsed listener,Mexico,2706,283,20,12,37,83
2026-06-25,C008,T010,New listener,US,4074,380,17,12,28,140
2026-06-25,C008,T010,New listener,Canada,3477,320,16,10,24,120
2026-06-25,C008,T010,New listener,Mexico,909,82,4,2,6,31
2026-06-25,C008,T010,Casual listener,US,4478,401,26,15,46,146
2026-06-25,C008,T010,Casual listener,Canada,3050,323,21,13,33,118
2026-06-25,C008,T010,Casual listener,Mexico,1715,166,10,6,17,60
2026-06-25,C008,T010,Existing fan,US,8999,1106,95,65,164,242
2026-06-25,C008,T010,Existing fan,Canada,2853,364,35,20,57,82
2026-06-25,C008,T010,Existing fan,Mexico,3183,420,38,25,64,104
2026-06-25,C008,T010,Lapsed listener,US,3532,384,27,14,47,134
2026-06-25,C008,T010,Lapsed listener,Canada,1826,181,12,6,20,60
2026-06-25,C008,T010,Lapsed listener,Mexico,1303,132,9,5,17,43
2026-06-26,C008,T010,New listener,US,6450,606,29,18,41,206
2026-06-26,C008,T010,New listener,Canada,962,86,4,2,6,35
2026-06-26,C008,T010,New listener,Mexico,1067,94,4,3,7,36
2026-06-26,C008,T010,Casual listener,US,7875,704,47,27,70,252
2026-06-26,C008,T010,Casual listener,Canada,2776,285,19,11,33,98
2026-06-26,C008,T010,Casual listener,Mexico,3106,326,19,14,32,101
2026-06-26,C008,T010,Existing fan,US,6477,836,73,45,133,216
2026-06-26,C008,T010,Existing fan,Canada,2839,302,30,16,49,74
2026-06-26,C008,T010,Existing fan,Mexico,1602,197,18,10,34,50
2026-06-26,C008,T010,Lapsed listener,US,5279,510,38,20,63,174
2026-06-26,C008,T010,Lapsed listener,Canada,1485,168,12,6,20,54
2026-06-26,C008,T010,Lapsed listener,Mexico,1391,142,9,5,17,45
2026-06-27,C008,T010,New listener,US,9867,861,41,29,58,305
2026-06-27,C008,T010,New listener,Canada,2443,194,9,6,13,69
2026-06-27,C008,T010,New listener,Mexico,1506,145,7,4,10,57
2026-06-27,C008,T010,Casual listener,US,9554,910,65,40,92,287
2026-06-27,C008,T010,Casual listener,Canada,2221,238,14,10,25,74
2026-06-27,C008,T010,Casual listener,Mexico,1532,164,10,7,17,57
2026-06-27,C008,T010,Existing fan,US,7063,858,84,46,142,202
2026-06-27,C008,T010,Existing fan,Canada,1183,137,14,8,21,32
2026-06-27,C008,T010,Existing fan,Mexico,3101,394,39,23,62,86
2026-06-27,C008,T010,Lapsed listener,US,5108,557,38,20,64,167
2026-06-27,C008,T010,Lapsed listener,Canada,2654,261,19,9,30,75
2026-06-27,C008,T010,Lapsed listener,Mexico,2017,190,13,7,21,55
2026-06-28,C008,T010,New listener,US,6355,566,29,16,39,217
2026-06-28,C008,T010,New listener,Canada,1193,105,5,3,7,42
2026-06-28,C008,T010,New listener,Mexico,1453,117,6,3,9,43
2026-06-28,C008,T010,Casual listener,US,4182,399,26,16,40,121
2026-06-28,C008,T010,Casual listener,Canada,930,93,6,4,10,29
2026-06-28,C008,T010,Casual listener,Mexico,2233,192,12,7,19,58
2026-06-28,C008,T010,Existing fan,US,8891,947,96,54,148,240
2026-06-28,C008,T010,Existing fan,Canada,2701,286,29,15,42,66
2026-06-28,C008,T010,Existing fan,Mexico,2431,286,28,16,50,75
2026-06-28,C008,T010,Lapsed listener,US,3891,350,22,12,39,107
2026-06-28,C008,T010,Lapsed listener,Canada,2864,271,17,11,34,92
2026-06-28,C008,T010,Lapsed listener,Mexico,2747,311,23,13,35,105
2026-06-29,C008,T010,New listener,US,3872,300,14,9,22,119
2026-06-29,C008,T010,New listener,Canada,2521,207,9,6,15,72
2026-06-29,C008,T010,New listener,Mexico,1221,112,6,3,8,41
2026-06-29,C008,T010,Casual listener,US,4025,391,24,15,41,125
2026-06-29,C008,T010,Casual listener,Canada,2983,269,16,10,26,91
2026-06-29,C008,T010,Casual listener,Mexico,1570,157,10,6,15,57
2026-06-29,C008,T010,Existing fan,US,3206,352,35,19,56,85
2026-06-29,C008,T010,Existing fan,Canada,2345,257,25,14,45,65
2026-06-29,C008,T010,Existing fan,Mexico,1826,226,22,13,34,50
2026-06-29,C008,T010,Lapsed listener,US,7205,711,49,28,81,222
2026-06-29,C008,T010,Lapsed listener,Canada,1128,108,7,4,14,35
2026-06-29,C008,T010,Lapsed listener,Mexico,1219,122,7,4,13,38
2026-06-30,C008,T010,New listener,US,5741,443,23,14,31,181
2026-06-30,C008,T010,New listener,Canada,1159,97,4,3,7,35
2026-06-30,C008,T010,New listener,Mexico,2231,183,8,6,14,67
2026-06-30,C008,T010,Casual listener,US,6088,545,33,21,59,183
2026-06-30,C008,T010,Casual listener,Canada,1268,127,8,5,12,38
2026-06-30,C008,T010,Casual listener,Mexico,781,76,4,3,7,27
2026-06-30,C008,T010,Existing fan,US,7500,862,76,49,152,199
2026-06-30,C008,T010,Existing fan,Canada,1687,183,16,10,31,42
2026-06-30,C008,T010,Existing fan,Mexico,665,70,6,3,11,16
2026-06-30,C008,T010,Lapsed listener,US,5381,503,36,18,58,159
2026-06-30,C008,T010,Lapsed listener,Canada,849,89,6,3,11,30
2026-06-30,C008,T010,Lapsed listener,Mexico,1264,133,9,5,17,43
2026-07-01,C008,T010,New listener,US,8301,787,40,22,52,307
2026-07-01,C008,T010,New listener,Canada,1991,187,9,5,12,64
2026-07-01,C008,T010,New listener,Mexico,1688,157,7,5,11,59
2026-07-01,C008,T010,Casual listener,US,8278,753,49,32,77,244
2026-07-01,C008,T010,Casual listener,Canada,2946,303,21,13,33,93
2026-07-01,C008,T010,Casual listener,Mexico,2431,248,14,11,28,86
2026-07-01,C008,T010,Existing fan,US,4014,457,39,25,77,109
2026-07-01,C008,T010,Existing fan,Canada,1637,204,18,12,34,53
2026-07-01,C008,T010,Existing fan,Mexico,2520,325,30,19,53,74
2026-07-01,C008,T010,Lapsed listener,US,6576,730,49,28,97,224
2026-07-01,C008,T010,Lapsed listener,Canada,942,97,7,4,10,32
2026-07-01,C008,T010,Lapsed listener,Mexico,2595,293,21,11,38,93
2026-07-02,C008,T010,New listener,US,3956,341,16,11,25,132
2026-07-02,C008,T010,New listener,Canada,1982,172,8,5,12,61
2026-07-02,C008,T010,New listener,Mexico,2604,206,10,5,14,82
2026-07-02,C008,T010,Casual listener,US,2790,253,16,9,29,87
2026-07-02,C008,T010,Casual listener,Canada,3030,268,16,10,31,84
2026-07-02,C008,T010,Casual listener,Mexico,2577,274,17,10,31,87
2026-07-02,C008,T010,Existing fan,US,6822,790,83,39,123,183
2026-07-02,C008,T010,Existing fan,Canada,2011,218,20,12,37,48
2026-07-02,C008,T010,Existing fan,Mexico,1283,142,13,7,22,32
2026-07-02,C008,T010,Lapsed listener,US,7719,792,54,33,94,234
2026-07-02,C008,T010,Lapsed listener,Canada,2546,270,18,11,31,83
2026-07-02,C008,T010,Lapsed listener,Mexico,2179,217,14,7,26,75
2026-07-03,C008,T010,New listener,US,7017,550,26,19,42,210
2026-07-03,C008,T010,New listener,Canada,2197,174,9,5,12,68
2026-07-03,C008,T010,New listener,Mexico,1872,148,7,4,11,55
2026-07-03,C008,T010,Casual listener,US,2758,240,15,10,23,82
2026-07-03,C008,T010,Casual listener,Canada,1871,183,12,7,18,62
2026-07-03,C008,T010,Casual listener,Mexico,2257,230,13,8,22,81
2026-07-03,C008,T010,Existing fan,US,7881,848,88,47,129,210
2026-07-03,C008,T010,Existing fan,Canada,748,94,9,4,14,21
2026-07-03,C008,T010,Existing fan,Mexico,989,117,10,5,17,28
2026-07-03,C008,T010,Lapsed listener,US,6666,604,39,23,80,205
2026-07-03,C008,T010,Lapsed listener,Canada,2882,275,19,10,34,81
2026-07-03,C008,T010,Lapsed listener,Mexico,1071,112,7,4,14,33
2026-07-04,C008,T010,New listener,US,8224,664,33,20,45,254
2026-07-04,C008,T010,New listener,Canada,2109,190,9,6,12,70
2026-07-04,C008,T010,New listener,Mexico,1918,152,7,4,10,58
2026-07-04,C008,T010,Casual listener,US,2447,244,17,10,23,88
2026-07-04,C008,T010,Casual listener,Canada,1235,118,8,4,13,38
2026-07-04,C008,T010,Casual listener,Mexico,2165,194,13,7,20,60
2026-07-04,C008,T010,Existing fan,US,3769,428,43,22,73,109
2026-07-04,C008,T010,Existing fan,Canada,1768,222,22,13,33,57
2026-07-04,C008,T010,Existing fan,Mexico,2104,240,22,13,39,63
2026-07-04,C008,T010,Lapsed listener,US,7985,764,55,30,94,248
2026-07-04,C008,T010,Lapsed listener,Canada,2248,204,12,8,23,67
2026-07-04,C008,T010,Lapsed listener,Mexico,2153,241,16,10,32,81
2026-07-05,C008,T010,New listener,US,4590,361,19,12,26,148
2026-07-05,C008,T010,New listener,Canada,920,71,3,2,5,26
2026-07-05,C008,T010,New listener,Mexico,1707,152,8,5,10,59
2026-07-05,C008,T010,Casual listener,US,6132,540,36,22,54,181
2026-07-05,C008,T010,Casual listener,Canada,1744,157,10,6,16,55
2026-07-05,C008,T010,Casual listener,Mexico,823,81,5,3,8,28
2026-07-05,C008,T010,Existing fan,US,2058,234,22,12,35,53
2026-07-05,C008,T010,Existing fan,Canada,2644,311,31,17,50,73
2026-07-05,C008,T010,Existing fan,Mexico,2271,290,29,15,48,75
2026-07-05,C008,T010,Lapsed listener,US,8227,751,55,28,84,226
2026-07-05,C008,T010,Lapsed listener,Canada,2917,299,18,12,34,101
2026-07-05,C008,T010,Lapsed listener,Mexico,1756,187,11,8,24,54
2026-07-06,C008,T010,New listener,US,8054,657,33,21,46,253
2026-07-06,C008,T010,New listener,Canada,2632,240,11,7,19,86
2026-07-06,C008,T010,New listener,Mexico,633,48,2,1,3,16
2026-07-06,C008,T010,Casual listener,US,4113,402,27,17,44,145
2026-07-06,C008,T010,Casual listener,Canada,1511,145,10,5,15,52
2026-07-06,C008,T010,Casual listener,Mexico,649,60,3,2,6,21
2026-07-06,C008,T010,Existing fan,US,7800,915,81,52,138,221
2026-07-06,C008,T010,Existing fan,Canada,1474,180,17,9,31,47
2026-07-06,C008,T010,Existing fan,Mexico,608,79,6,4,12,19
2026-07-06,C008,T010,Lapsed listener,US,5972,633,46,25,69,212
2026-07-06,C008,T010,Lapsed listener,Canada,1112,111,7,4,13,38
2026-07-06,C008,T010,Lapsed listener,Mexico,1637,160,10,6,18,46
2026-07-07,C008,T010,New listener,US,1992,162,8,5,12,61
2026-07-07,C008,T010,New listener,Canada,694,65,3,1,4,24
2026-07-07,C008,T010,New listener,Mexico,1345,104,5,3,7,37
2026-07-07,C008,T010,Casual listener,US,8141,768,52,32,75,280
2026-07-07,C008,T010,Casual listener,Canada,1364,131,9,5,15,41
2026-07-07,C008,T010,Casual listener,Mexico,1403,150,10,5,16,50
2026-07-07,C008,T010,Existing fan,US,4648,524,50,26,83,124
2026-07-07,C008,T010,Existing fan,Canada,2347,262,23,13,47,60
2026-07-07,C008,T010,Existing fan,Mexico,2125,233,21,13,35,61
2026-07-07,C008,T010,Lapsed listener,US,6430,676,46,24,82,195
2026-07-07,C008,T010,Lapsed listener,Canada,1617,167,11,7,18,57
2026-07-07,C008,T010,Lapsed listener,Mexico,1637,166,12,6,18,49
2026-06-30,C009,T012,New listener,US,6357,624,35,22,45,227
2026-06-30,C009,T012,New listener,Canada,1229,127,7,4,10,41
2026-06-30,C009,T012,New listener,Mexico,3749,330,16,12,27,122
2026-06-30,C009,T012,Casual listener,US,4154,468,33,22,59,138
2026-06-30,C009,T012,Casual listener,Canada,4222,439,31,19,51,126
2026-06-30,C009,T012,Casual listener,Mexico,2733,284,22,11,35,84
2026-06-30,C009,T012,Existing fan,US,7913,913,90,54,157,199
2026-06-30,C009,T012,Existing fan,Canada,2689,333,35,20,63,75
2026-06-30,C009,T012,Existing fan,Mexico,1489,181,19,11,34,39
2026-06-30,C009,T012,Lapsed listener,US,3465,376,28,17,49,118
2026-06-30,C009,T012,Lapsed listener,Canada,2358,254,19,10,36,75
2026-06-30,C009,T012,Lapsed listener,Mexico,1196,130,9,5,16,38
2026-07-01,C009,T012,New listener,US,6856,668,34,23,48,213
2026-07-01,C009,T012,New listener,Canada,1258,109,6,3,8,38
2026-07-01,C009,T012,New listener,Mexico,1921,162,9,5,12,58
2026-07-01,C009,T012,Casual listener,US,8957,949,61,39,101,294
2026-07-01,C009,T012,Casual listener,Canada,1682,177,11,7,20,58
2026-07-01,C009,T012,Casual listener,Mexico,2801,263,18,11,27,83
2026-07-01,C009,T012,Existing fan,US,9074,1116,114,68,197,272
2026-07-01,C009,T012,Existing fan,Canada,1216,143,13,9,27,28
2026-07-01,C009,T012,Existing fan,Mexico,3704,441,44,27,82,103
2026-07-01,C009,T012,Lapsed listener,US,8803,1073,79,47,145,293
2026-07-01,C009,T012,Lapsed listener,Canada,1484,181,15,8,24,58
2026-07-01,C009,T012,Lapsed listener,Mexico,3419,398,30,15,56,124
2026-07-02,C009,T012,New listener,US,12742,1196,67,41,91,442
2026-07-02,C009,T012,New listener,Canada,2610,271,14,10,23,88
2026-07-02,C009,T012,New listener,Mexico,2247,225,11,7,18,83
2026-07-02,C009,T012,Casual listener,US,8787,829,59,33,93,255
2026-07-02,C009,T012,Casual listener,Canada,2267,235,16,10,29,67
2026-07-02,C009,T012,Casual listener,Mexico,3254,320,24,14,38,101
2026-07-02,C009,T012,Existing fan,US,7579,934,90,54,166,193
2026-07-02,C009,T012,Existing fan,Canada,3713,490,54,31,93,98
2026-07-02,C009,T012,Existing fan,Mexico,1371,172,18,10,30,35
2026-07-02,C009,T012,Lapsed listener,US,3502,417,28,16,50,123
2026-07-02,C009,T012,Lapsed listener,Canada,3906,474,38,19,61,141
2026-07-02,C009,T012,Lapsed listener,Mexico,2151,215,17,10,28,64
2026-07-03,C009,T012,New listener,US,3556,301,18,11,26,107
2026-07-03,C009,T012,New listener,Canada,3277,294,16,9,22,107
2026-07-03,C009,T012,New listener,Mexico,3020,256,15,9,19,91
2026-07-03,C009,T012,Casual listener,US,8760,880,58,40,97,287
2026-07-03,C009,T012,Casual listener,Canada,2199,219,15,9,27,68
2026-07-03,C009,T012,Casual listener,Mexico,2659,264,18,12,33,74
2026-07-03,C009,T012,Existing fan,US,6132,772,77,49,132,166
2026-07-03,C009,T012,Existing fan,Canada,1846,214,21,12,41,45
2026-07-03,C009,T012,Existing fan,Mexico,1930,276,30,17,50,57
2026-07-03,C009,T012,Lapsed listener,US,6073,678,51,27,91,181
2026-07-03,C009,T012,Lapsed listener,Canada,3828,426,30,18,59,122
2026-07-03,C009,T012,Lapsed listener,Mexico,2027,247,19,11,32,77
2026-07-04,C009,T012,New listener,US,7196,748,43,28,55,279
2026-07-04,C009,T012,New listener,Canada,3461,308,18,11,25,98
2026-07-04,C009,T012,New listener,Mexico,2262,229,13,7,16,73
2026-07-04,C009,T012,Casual listener,US,7804,775,56,34,95,249
2026-07-04,C009,T012,Casual listener,Canada,2547,292,18,11,35,90
2026-07-04,C009,T012,Casual listener,Mexico,1574,178,13,8,18,56
2026-07-04,C009,T012,Existing fan,US,2875,345,36,22,58,72
2026-07-04,C009,T012,Existing fan,Canada,3343,392,43,24,66,82
2026-07-04,C009,T012,Existing fan,Mexico,1145,162,18,10,26,32
2026-07-04,C009,T012,Lapsed listener,US,11151,1262,99,49,172,379
2026-07-04,C009,T012,Lapsed listener,Canada,3925,405,29,17,58,128
2026-07-04,C009,T012,Lapsed listener,Mexico,1748,210,16,9,28,62
2026-07-05,C009,T012,New listener,US,10572,994,50,31,85,362
2026-07-05,C009,T012,New listener,Canada,2327,215,11,7,16,69
2026-07-05,C009,T012,New listener,Mexico,2045,200,10,6,14,74
2026-07-05,C009,T012,Casual listener,US,9783,1052,77,42,116,307
2026-07-05,C009,T012,Casual listener,Canada,2929,275,20,11,30,83
2026-07-05,C009,T012,Casual listener,Mexico,2546,262,17,10,30,76
2026-07-05,C009,T012,Existing fan,US,3327,406,41,24,67,85
2026-07-05,C009,T012,Existing fan,Canada,1451,205,21,11,37,41
2026-07-05,C009,T012,Existing fan,Mexico,831,114,10,7,21,26
2026-07-05,C009,T012,Lapsed listener,US,10710,1057,73,43,140,341
2026-07-05,C009,T012,Lapsed listener,Canada,3556,382,30,15,46,109
2026-07-05,C009,T012,Lapsed listener,Mexico,2430,249,19,11,29,66
2026-07-06,C009,T012,New listener,US,9987,854,46,29,63,284
2026-07-06,C009,T012,New listener,Canada,1976,192,11,6,16,70
2026-07-06,C009,T012,New listener,Mexico,2210,216,11,7,16,68
2026-07-06,C009,T012,Casual listener,US,3616,380,28,17,39,123
2026-07-06,C009,T012,Casual listener,Canada,3468,373,24,17,45,108
2026-07-06,C009,T012,Casual listener,Mexico,3108,354,26,15,43,105
2026-07-06,C009,T012,Existing fan,US,9035,1075,107,65,190,229
2026-07-06,C009,T012,Existing fan,Canada,1321,157,16,8,26,36
2026-07-06,C009,T012,Existing fan,Mexico,2718,326,30,19,56,70
2026-07-06,C009,T012,Lapsed listener,US,10269,1190,89,52,141,369
2026-07-06,C009,T012,Lapsed listener,Canada,3015,322,24,14,41,100
2026-07-06,C009,T012,Lapsed listener,Mexico,1051,104,7,4,13,29
2026-07-07,C009,T012,New listener,US,4416,407,24,14,34,148
2026-07-07,C009,T012,New listener,Canada,1120,112,5,3,8,36
2026-07-07,C009,T012,New listener,Mexico,1923,190,10,7,14,62
2026-07-07,C009,T012,Casual listener,US,10151,1141,82,48,136,340
2026-07-07,C009,T012,Casual listener,Canada,3083,324,24,15,34,92
2026-07-07,C009,T012,Casual listener,Mexico,993,101,7,4,12,29
2026-07-07,C009,T012,Existing fan,US,8451,1179,113,75,209,269
2026-07-07,C009,T012,Existing fan,Canada,3276,418,45,25,73,89
2026-07-07,C009,T012,Existing fan,Mexico,2358,338,36,21,57,72
2026-07-07,C009,T012,Lapsed listener,US,7553,845,59,35,115,263
2026-07-07,C009,T012,Lapsed listener,Canada,2566,284,20,12,40,90
2026-07-07,C009,T012,Lapsed listener,Mexico,1213,123,9,5,15,33
2026-07-08,C009,T012,New listener,US,8614,729,44,24,54,262
2026-07-08,C009,T012,New listener,Canada,3230,302,15,10,24,95
2026-07-08,C009,T012,New listener,Mexico,2739,282,15,8,21,93
2026-07-08,C009,T012,Casual listener,US,8030,860,58,38,98,253
2026-07-08,C009,T012,Casual listener,Canada,3245,352,23,15,37,102
2026-07-08,C009,T012,Casual listener,Mexico,1333,132,8,6,15,43
2026-07-08,C009,T012,Existing fan,US,6764,882,98,53,171,205
2026-07-08,C009,T012,Existing fan,Canada,2942,350,32,19,58,84
2026-07-08,C009,T012,Existing fan,Mexico,1216,142,14,7,23,34
2026-07-08,C009,T012,Lapsed listener,US,4218,466,34,20,59,137
2026-07-08,C009,T012,Lapsed listener,Canada,1345,139,10,6,19,39
2026-07-08,C009,T012,Lapsed listener,Mexico,2602,274,19,12,34,75
2026-07-09,C009,T012,New listener,US,5881,584,34,20,46,214
2026-07-09,C009,T012,New listener,Canada,1316,126,6,4,9,42
2026-07-09,C009,T012,New listener,Mexico,2319,233,12,8,19,86
2026-07-09,C009,T012,Casual listener,US,4773,487,32,22,51,149
2026-07-09,C009,T012,Casual listener,Canada,3077,299,21,12,37,100
2026-07-09,C009,T012,Casual listener,Mexico,2450,283,20,11,31,87
2026-07-09,C009,T012,Existing fan,US,2896,415,45,23,67,93
2026-07-09,C009,T012,Existing fan,Canada,926,129,14,8,23,28
2026-07-09,C009,T012,Existing fan,Mexico,2346,318,34,19,52,69
2026-07-09,C009,T012,Lapsed listener,US,4290,496,35,22,59,155
2026-07-09,C009,T012,Lapsed listener,Canada,1312,129,10,5,15,38
2026-07-09,C009,T012,Lapsed listener,Mexico,1347,154,12,6,20,48
2026-07-10,C009,T012,New listener,US,4355,451,25,17,36,170
2026-07-10,C009,T012,New listener,Canada,2464,228,13,7,17,83
2026-07-10,C009,T012,New listener,Mexico,1144,114,5,3,8,37
2026-07-10,C009,T012,Casual listener,US,8512,874,64,41,110,260
2026-07-10,C009,T012,Casual listener,Canada,3126,316,21,14,38,99
2026-07-10,C009,T012,Casual listener,Mexico,2236,211,16,8,22,62
2026-07-10,C009,T012,Existing fan,US,2511,342,37,19,59,69
2026-07-10,C009,T012,Existing fan,Canada,1806,220,23,14,42,51
2026-07-10,C009,T012,Existing fan,Mexico,1093,133,13,7,22,30
2026-07-10,C009,T012,Lapsed listener,US,7382,760,54,35,93,214
2026-07-10,C009,T012,Lapsed listener,Canada,2617,272,20,11,34,82
2026-07-10,C009,T012,Lapsed listener,Mexico,2190,260,20,10,37,77
2026-07-11,C009,T012,New listener,US,4059,387,20,14,30,142
2026-07-11,C009,T012,New listener,Canada,1921,168,9,5,14,61
2026-07-11,C009,T012,New listener,Mexico,918,87,4,2,6,32
2026-07-11,C009,T012,Casual listener,US,8389,914,61,37,108,275
2026-07-11,C009,T012,Casual listener,Canada,2285,249,19,10,26,74
2026-07-11,C009,T012,Casual listener,Mexico,640,61,4,2,7,17
2026-07-11,C009,T012,Existing fan,US,6483,792,82,44,127,187
2026-07-11,C009,T012,Existing fan,Canada,2605,341,37,21,60,72
2026-07-11,C009,T012,Existing fan,Mexico,1866,244,25,14,39,59
2026-07-11,C009,T012,Lapsed listener,US,5001,586,48,25,75,181
2026-07-11,C009,T012,Lapsed listener,Canada,3098,333,22,14,47,105
2026-07-11,C009,T012,Lapsed listener,Mexico,2372,242,20,10,29,68
2026-07-12,C009,T012,New listener,US,2751,289,15,10,24,99
2026-07-12,C009,T012,New listener,Canada,1376,128,7,4,9,42
2026-07-12,C009,T012,New listener,Mexico,1196,105,5,3,7,37
2026-07-12,C009,T012,Casual listener,US,6474,599,39,24,70,181
2026-07-12,C009,T012,Casual listener,Canada,1562,180,13,8,21,58
2026-07-12,C009,T012,Casual listener,Mexico,907,92,6,4,10,27
2026-07-12,C009,T012,Existing fan,US,5416,747,81,43,130,152
2026-07-12,C009,T012,Existing fan,Canada,2652,353,40,19,67,73
2026-07-12,C009,T012,Existing fan,Mexico,1360,168,17,10,30,39
2026-07-12,C009,T012,Lapsed listener,US,3023,345,24,13,42,100
2026-07-12,C009,T012,Lapsed listener,Canada,2064,221,15,8,28,67
2026-07-12,C009,T012,Lapsed listener,Mexico,2159,211,17,8,25,64
2026-07-13,C009,T012,New listener,US,3262,305,15,11,22,113
2026-07-13,C009,T012,New listener,Canada,748,64,3,2,5,20
2026-07-13,C009,T012,New listener,Mexico,1845,171,8,5,14,54
2026-07-13,C009,T012,Casual listener,US,7137,750,56,34,93,254
2026-07-13,C009,T012,Casual listener,Canada,1129,126,9,5,14,40
2026-07-13,C009,T012,Casual listener,Mexico,1052,97,7,4,10,30
2026-07-13,C009,T012,Existing fan,US,7191,907,94,49,173,200
2026-07-13,C009,T012,Existing fan,Canada,893,125,13,7,21,26
2026-07-13,C009,T012,Existing fan,Mexico,651,84,8,4,13,18
2026-07-13,C009,T012,Lapsed listener,US,2464,278,20,10,38,77
2026-07-13,C009,T012,Lapsed listener,Canada,1023,113,7,4,14,35
2026-07-13,C009,T012,Lapsed listener,Mexico,1667,204,16,8,28,64
2026-07-14,C009,T012,New listener,US,7728,742,37,24,53,262
2026-07-14,C009,T012,New listener,Canada,1056,97,5,3,8,35
2026-07-14,C009,T012,New listener,Mexico,1854,171,8,6,14,62
2026-07-14,C009,T012,Casual listener,US,2869,325,22,13,35,95
2026-07-14,C009,T012,Casual listener,Canada,1808,195,14,9,23,54
2026-07-14,C009,T012,Casual listener,Mexico,2316,241,18,10,29,78
2026-07-14,C009,T012,Existing fan,US,5029,644,61,37,107,137
2026-07-14,C009,T012,Existing fan,Canada,699,87,8,5,14,18
2026-07-14,C009,T012,Existing fan,Mexico,2395,328,35,17,55,76
2026-07-14,C009,T012,Lapsed listener,US,4419,436,31,19,61,130
2026-07-14,C009,T012,Lapsed listener,Canada,2894,306,22,14,36,87
2026-07-14,C009,T012,Lapsed listener,Mexico,1621,192,13,8,25,56
2026-07-15,C009,T012,New listener,US,3749,369,19,11,31,139
2026-07-15,C009,T012,New listener,Canada,2417,231,12,7,20,78
2026-07-15,C009,T012,New listener,Mexico,1412,141,7,4,10,49
2026-07-15,C009,T012,Casual listener,US,5678,605,42,28,73,179
2026-07-15,C009,T012,Casual listener,Canada,2433,285,19,12,32,96
2026-07-15,C009,T012,Casual listener,Mexico,911,86,5,4,10,24
2026-07-15,C009,T012,Existing fan,US,3633,495,56,32,89,107
2026-07-15,C009,T012,Existing fan,Canada,1447,181,19,10,31,37
2026-07-15,C009,T012,Existing fan,Mexico,1489,190,20,10,33,44
2026-07-15,C009,T012,Lapsed listener,US,4984,592,44,27,72,166
2026-07-15,C009,T012,Lapsed listener,Canada,2584,307,24,13,41,83
2026-07-15,C009,T012,Lapsed listener,Mexico,2269,259,21,10,35,78
2026-07-06,C010,T017,New listener,US,4216,505,33,17,48,151
2026-07-06,C010,T017,New listener,Canada,917,102,6,3,9,28
2026-07-06,C010,T017,New listener,Mexico,2030,209,14,8,19,64
2026-07-06,C010,T017,Casual listener,US,4929,693,54,32,103,176
2026-07-06,C010,T017,Casual listener,Canada,1705,211,17,11,27,57
2026-07-06,C010,T017,Casual listener,Mexico,1571,212,17,9,27,57
2026-07-06,C010,T017,Existing fan,US,3856,655,87,46,150,122
2026-07-06,C010,T017,Existing fan,Canada,1127,157,17,10,35,33
2026-07-06,C010,T017,Existing fan,Mexico,2085,296,36,18,65,53
2026-07-06,C010,T017,Lapsed listener,US,10355,1461,133,63,228,395
2026-07-06,C010,T017,Lapsed listener,Canada,2121,310,29,15,44,78
2026-07-06,C010,T017,Lapsed listener,Mexico,2549,358,32,18,51,99
2026-07-07,C010,T017,New listener,US,9651,1196,73,42,112,353
2026-07-07,C010,T017,New listener,Canada,1833,229,14,8,22,64
2026-07-07,C010,T017,New listener,Mexico,2389,296,20,11,29,87
2026-07-07,C010,T017,Casual listener,US,8014,1090,93,54,158,276
2026-07-07,C010,T017,Casual listener,Canada,2027,233,21,11,33,61
2026-07-07,C010,T017,Casual listener,Mexico,1209,159,12,8,22,40
2026-07-07,C010,T017,Existing fan,US,3942,571,68,36,124,101
2026-07-07,C010,T017,Existing fan,Canada,1697,274,31,16,56,53
2026-07-07,C010,T017,Existing fan,Mexico,2479,383,48,23,78,70
2026-07-07,C010,T017,Lapsed listener,US,8655,1127,99,57,176,272
2026-07-07,C010,T017,Lapsed listener,Canada,3046,413,37,19,67,97
2026-07-07,C010,T017,Lapsed listener,Mexico,1444,187,15,8,30,51
2026-07-08,C010,T017,New listener,US,4642,523,34,21,53,170
2026-07-08,C010,T017,New listener,Canada,2937,375,26,14,32,117
2026-07-08,C010,T017,New listener,Mexico,1753,205,13,8,20,63
2026-07-08,C010,T017,Casual listener,US,3206,463,35,22,60,120
2026-07-08,C010,T017,Casual listener,Canada,1519,206,18,9,29,55
2026-07-08,C010,T017,Casual listener,Mexico,763,110,8,5,15,31
2026-07-08,C010,T017,Existing fan,US,3014,523,60,32,104,97
2026-07-08,C010,T017,Existing fan,Canada,3174,499,57,35,96,103
2026-07-08,C010,T017,Existing fan,Mexico,876,128,14,7,25,25
2026-07-08,C010,T017,Lapsed listener,US,4863,678,58,29,104,189
2026-07-08,C010,T017,Lapsed listener,Canada,2599,377,32,19,60,96
2026-07-08,C010,T017,Lapsed listener,Mexico,628,80,7,3,12,20
2026-07-09,C010,T017,New listener,US,7864,921,66,34,94,267
2026-07-09,C010,T017,New listener,Canada,1839,224,14,8,19,71
2026-07-09,C010,T017,New listener,Mexico,1206,140,8,5,13,39
2026-07-09,C010,T017,Casual listener,US,2934,404,35,18,60,106
2026-07-09,C010,T017,Casual listener,Canada,2895,404,32,18,52,105
2026-07-09,C010,T017,Casual listener,Mexico,1613,200,17,8,26,55
2026-07-09,C010,T017,Existing fan,US,8898,1467,176,90,305,269
2026-07-09,C010,T017,Existing fan,Canada,1368,222,25,15,51,44
2026-07-09,C010,T017,Existing fan,Mexico,1982,334,39,23,70,70
2026-07-09,C010,T017,Lapsed listener,US,5743,758,65,37,126,189
2026-07-09,C010,T017,Lapsed listener,Canada,1970,263,23,12,43,66
2026-07-09,C010,T017,Lapsed listener,Mexico,1955,257,24,13,42,60
2026-07-10,C010,T017,New listener,US,4393,477,33,17,44,140
2026-07-10,C010,T017,New listener,Canada,2192,245,16,8,22,74
2026-07-10,C010,T017,New listener,Mexico,1459,154,9,5,14,49
2026-07-10,C010,T017,Casual listener,US,7446,1071,99,55,145,319
2026-07-10,C010,T017,Casual listener,Canada,2598,316,29,15,39,78
2026-07-10,C010,T017,Casual listener,Mexico,1678,206,17,10,26,52
2026-07-10,C010,T017,Existing fan,US,2931,444,58,28,87,81
2026-07-10,C010,T017,Existing fan,Canada,1868,301,37,19,61,59
2026-07-10,C010,T017,Existing fan,Mexico,1416,227,30,15,44,47
2026-07-10,C010,T017,Lapsed listener,US,5667,857,75,43,141,209
2026-07-10,C010,T017,Lapsed listener,Canada,1955,264,23,12,42,71
2026-07-10,C010,T017,Lapsed listener,Mexico,1399,195,19,8,31,49
2026-07-11,C010,T017,New listener,US,7380,923,65,32,96,274
2026-07-11,C010,T017,New listener,Canada,2806,322,19,12,32,104
2026-07-11,C010,T017,New listener,Mexico,2083,230,14,8,20,64
2026-07-11,C010,T017,Casual listener,US,8173,1132,96,58,167,283
2026-07-11,C010,T017,Casual listener,Canada,2442,325,30,16,47,87
2026-07-11,C010,T017,Casual listener,Mexico,1419,182,16,9,23,47
2026-07-11,C010,T017,Existing fan,US,4021,659,79,43,145,137
2026-07-11,C010,T017,Existing fan,Canada,2307,399,48,25,86,76
2026-07-11,C010,T017,Existing fan,Mexico,591,87,10,5,17,17
2026-07-11,C010,T017,Lapsed listener,US,5619,771,71,34,128,216
2026-07-11,C010,T017,Lapsed listener,Canada,2848,355,33,15,52,83
2026-07-11,C010,T017,Lapsed listener,Mexico,2423,365,29,16,55,86
2026-07-12,C010,T017,New listener,US,5314,684,46,24,60,229
2026-07-12,C010,T017,New listener,Canada,1508,194,12,7,17,64
2026-07-12,C010,T017,New listener,Mexico,1859,197,14,6,20,64
2026-07-12,C010,T017,Casual listener,US,4175,526,44,25,68,140
2026-07-12,C010,T017,Casual listener,Canada,1115,130,10,6,18,32
2026-07-12,C010,T017,Casual listener,Mexico,1172,138,11,6,20,36
2026-07-12,C010,T017,Existing fan,US,3988,587,67,38,124,115
2026-07-12,C010,T017,Existing fan,Canada,2320,324,39,20,75,58
2026-07-12,C010,T017,Existing fan,Mexico,1622,284,37,18,64,53
2026-07-12,C010,T017,Lapsed listener,US,2851,402,38,20,57,113
2026-07-12,C010,T017,Lapsed listener,Canada,1835,222,21,9,31,57
2026-07-12,C010,T017,Lapsed listener,Mexico,965,137,13,5,22,38
2026-07-13,C010,T017,New listener,US,4911,556,36,19,49,184
2026-07-13,C010,T017,New listener,Canada,1173,144,10,5,14,40
2026-07-13,C010,T017,New listener,Mexico,997,103,6,3,9,33
2026-07-13,C010,T017,Casual listener,US,5201,598,45,26,82,170
2026-07-13,C010,T017,Casual listener,Canada,1148,163,12,7,23,44
2026-07-13,C010,T017,Casual listener,Mexico,985,115,9,5,15,28
2026-07-13,C010,T017,Existing fan,US,6795,1066,130,75,223,224
2026-07-13,C010,T017,Existing fan,Canada,644,97,12,6,19,19
2026-07-13,C010,T017,Existing fan,Mexico,1584,278,35,16,58,58
2026-07-13,C010,T017,Lapsed listener,US,7781,983,83,43,167,240
2026-07-13,C010,T017,Lapsed listener,Canada,930,134,12,6,21,32
2026-07-13,C010,T017,Lapsed listener,Mexico,1252,157,14,7,26,42
2026-07-14,C010,T017,New listener,US,7019,823,60,30,84,242
2026-07-14,C010,T017,New listener,Canada,1893,229,15,9,19,75
2026-07-14,C010,T017,New listener,Mexico,1588,191,13,8,16,59
2026-07-14,C010,T017,Casual listener,US,4202,501,41,24,69,132
2026-07-14,C010,T017,Casual listener,Canada,2581,327,30,15,43,88
2026-07-14,C010,T017,Casual listener,Mexico,1292,173,14,8,26,44
2026-07-14,C010,T017,Existing fan,US,5232,889,110,58,195,180
2026-07-14,C010,T017,Existing fan,Canada,1783,300,35,20,62,53
2026-07-14,C010,T017,Existing fan,Mexico,2030,292,34,19,57,57
2026-07-14,C010,T017,Lapsed listener,US,4780,593,52,28,94,167
2026-07-14,C010,T017,Lapsed listener,Canada,2334,293,28,15,46,70
2026-07-14,C010,T017,Lapsed listener,Mexico,1132,164,13,8,25,44
2026-07-15,C010,T017,New listener,US,7212,915,61,37,84,264
2026-07-15,C010,T017,New listener,Canada,2346,252,15,10,24,82
2026-07-15,C010,T017,New listener,Mexico,1108,140,9,5,14,43
2026-07-15,C010,T017,Casual listener,US,3725,457,42,24,60,134
2026-07-15,C010,T017,Casual listener,Canada,1986,282,23,12,42,69
2026-07-15,C010,T017,Casual listener,Mexico,1175,160,14,7,23,44
2026-07-15,C010,T017,Existing fan,US,2416,342,41,20,77,70
2026-07-15,C010,T017,Existing fan,Canada,1398,215,24,13,46,40
2026-07-15,C010,T017,Existing fan,Mexico,1444,205,27,12,46,37
2026-07-15,C010,T017,Lapsed listener,US,7434,1121,94,52,182,305
2026-07-15,C010,T017,Lapsed listener,Canada,637,89,8,4,14,23
2026-07-15,C010,T017,Lapsed listener,Mexico,1124,159,13,7,26,40
2026-07-16,C010,T017,New listener,US,2373,302,21,12,30,100
2026-07-16,C010,T017,New listener,Canada,713,80,5,2,7,24
2026-07-16,C010,T017,New listener,Mexico,1757,217,13,7,22,67
2026-07-16,C010,T017,Casual listener,US,7325,1034,83,53,143,293
2026-07-16,C010,T017,Casual listener,Canada,1960,249,21,13,32,70
2026-07-16,C010,T017,Casual listener,Mexico,1203,171,14,8,24,44
2026-07-16,C010,T017,Existing fan,US,5055,720,82,50,145,141
2026-07-16,C010,T017,Existing fan,Canada,2465,384,45,27,86,75
2026-07-16,C010,T017,Existing fan,Mexico,2071,354,43,23,81,67
2026-07-16,C010,T017,Lapsed listener,US,7349,907,87,44,130,216
2026-07-16,C010,T017,Lapsed listener,Canada,1342,176,16,9,27,44
2026-07-16,C010,T017,Lapsed listener,Mexico,584,76,7,3,12,19
2026-07-17,C010,T017,New listener,US,5281,663,45,26,65,183
2026-07-17,C010,T017,New listener,Canada,2314,249,16,9,22,74
2026-07-17,C010,T017,New listener,Mexico,537,66,4,2,6,19
2026-07-17,C010,T017,Casual listener,US,3919,481,43,22,69,134
2026-07-17,C010,T017,Casual listener,Canada,1060,127,11,6,16,33
2026-07-17,C010,T017,Casual listener,Mexico,1351,187,14,9,23,49
2026-07-17,C010,T017,Existing fan,US,6548,1096,145,68,248,198
2026-07-17,C010,T017,Existing fan,Canada,843,137,16,8,27,26
2026-07-17,C010,T017,Existing fan,Mexico,1138,195,24,12,40,37
2026-07-17,C010,T017,Lapsed listener,US,3107,470,41,20,74,131
2026-07-17,C010,T017,Lapsed listener,Canada,2294,297,27,13,47,70
2026-07-17,C010,T017,Lapsed listener,Mexico,702,86,7,4,13,21
2026-07-18,C010,T017,New listener,US,4605,542,35,22,47,180
2026-07-18,C010,T017,New listener,Canada,1427,171,12,6,15,55
2026-07-18,C010,T017,New listener,Mexico,1057,124,8,4,11,40
2026-07-18,C010,T017,Casual listener,US,3538,431,34,21,56,106
2026-07-18,C010,T017,Casual listener,Canada,1277,184,16,8,25,50
2026-07-18,C010,T017,Casual listener,Mexico,1851,222,17,10,30,61
2026-07-18,C010,T017,Existing fan,US,5018,841,109,60,189,157
2026-07-18,C010,T017,Existing fan,Canada,1655,253,34,15,54,45
2026-07-18,C010,T017,Existing fan,Mexico,782,118,15,8,26,23
2026-07-18,C010,T017,Lapsed listener,US,2461,374,35,17,58,93
2026-07-18,C010,T017,Lapsed listener,Canada,2355,300,26,14,51,82
2026-07-18,C010,T017,Lapsed listener,Mexico,1003,135,12,5,21,34
2026-07-19,C010,T017,New listener,US,5287,553,40,19,52,174
2026-07-19,C010,T017,New listener,Canada,1540,178,12,6,16,59
2026-07-19,C010,T017,New listener,Mexico,1097,130,9,5,12,39
2026-07-19,C010,T017,Casual listener,US,2701,391,31,18,54,110
2026-07-19,C010,T017,Casual listener,Canada,1490,181,16,8,24,52
2026-07-19,C010,T017,Casual listener,Mexico,1840,228,17,11,32,60
2026-07-19,C010,T017,Existing fan,US,2584,436,49,26,91,79
2026-07-19,C010,T017,Existing fan,Canada,1096,163,20,11,32,29
2026-07-19,C010,T017,Existing fan,Mexico,1620,270,32,16,56,55
2026-07-19,C010,T017,Lapsed listener,US,4870,712,62,33,119,172
2026-07-19,C010,T017,Lapsed listener,Canada,1434,188,17,9,29,45
2026-07-19,C010,T017,Lapsed listener,Mexico,1397,176,15,8,25,45
2026-07-20,C010,T017,New listener,US,2296,269,16,10,28,74
2026-07-20,C010,T017,New listener,Canada,1566,165,9,6,14,48
2026-07-20,C010,T017,New listener,Mexico,1135,117,8,4,11,39
2026-07-20,C010,T017,Casual listener,US,3079,412,34,20,62,103
2026-07-20,C010,T017,Casual listener,Canada,951,126,10,6,18,36
2026-07-20,C010,T017,Casual listener,Mexico,836,108,9,5,15,32
2026-07-20,C010,T017,Existing fan,US,2513,427,51,26,87,78
2026-07-20,C010,T017,Existing fan,Canada,1976,287,32,17,56,57
2026-07-20,C010,T017,Existing fan,Mexico,1207,211,28,13,43,41
2026-07-20,C010,T017,Lapsed listener,US,2481,351,29,15,51,99
2026-07-20,C010,T017,Lapsed listener,Canada,1898,239,21,11,40,67
2026-07-20,C010,T017,Lapsed listener,Mexico,1796,221,20,10,33,57
2026-07-21,C010,T017,New listener,US,6099,747,49,30,73,218
2026-07-21,C010,T017,New listener,Canada,871,100,6,4,9,30
2026-07-21,C010,T017,New listener,Mexico,597,69,4,2,6,20
2026-07-21,C010,T017,Casual listener,US,5476,794,71,40,114,217
2026-07-21,C010,T017,Casual listener,Canada,614,73,5,3,10,20
2026-07-21,C010,T017,Casual listener,Mexico,802,107,9,5,13,28
2026-07-21,C010,T017,Existing fan,US,2987,456,57,31,100,88
2026-07-21,C010,T017,Existing fan,Canada,1891,301,35,19,66,63
2026-07-21,C010,T017,Existing fan,Mexico,634,99,11,6,20,20
2026-07-21,C010,T017,Lapsed listener,US,5457,691,64,29,117,168
2026-07-21,C010,T017,Lapsed listener,Canada,818,122,9,5,20,33
2026-07-21,C010,T017,Lapsed listener,Mexico,811,123,11,5,20,28
2026-07-22,C010,T017,New listener,US,2537,303,20,11,31,95
2026-07-22,C010,T017,New listener,Canada,1309,142,10,5,12,45
2026-07-22,C010,T017,New listener,Mexico,1310,164,10,6,14,52
2026-07-22,C010,T017,Casual listener,US,3411,453,39,21,65,122
2026-07-22,C010,T017,Casual listener,Canada,1078,125,9,5,18,31
2026-07-22,C010,T017,Casual listener,Mexico,1575,195,18,9,27,57
2026-07-22,C010,T017,Existing fan,US,4543,682,81,47,137,140
2026-07-22,C010,T017,Existing fan,Canada,1535,261,35,18,56,51
2026-07-22,C010,T017,Existing fan,Mexico,678,107,12,6,20,19
2026-07-22,C010,T017,Lapsed listener,US,4463,562,53,28,83,149
2026-07-22,C010,T017,Lapsed listener,Canada,1650,237,21,11,38,61
2026-07-22,C010,T017,Lapsed listener,Mexico,814,118,11,5,16,28
2026-07-23,C010,T017,New listener,US,3295,423,27,15,41,126
2026-07-23,C010,T017,New listener,Canada,868,112,7,4,10,33
2026-07-23,C010,T017,New listener,Mexico,1322,136,8,5,13,39
2026-07-23,C010,T017,Casual listener,US,2613,310,28,13,44,83
2026-07-23,C010,T017,Casual listener,Canada,1852,212,18,10,28,52
2026-07-23,C010,T017,Casual listener,Mexico,610,82,6,3,10,21
2026-07-23,C010,T017,Existing fan,US,5696,819,96,55,176,147
2026-07-23,C010,T017,Existing fan,Canada,1702,297,38,18,64,57
2026-07-23,C010,T017,Existing fan,Mexico,894,147,18,9,34,28
2026-07-23,C010,T017,Lapsed listener,US,2553,344,33,15,51,93
2026-07-23,C010,T017,Lapsed listener,Canada,1475,225,21,10,31,61
2026-07-23,C010,T017,Lapsed listener,Mexico,695,84,7,4,14,23
2026-07-24,C010,T017,New listener,US,2275,287,18,12,26,86
2026-07-24,C010,T017,New listener,Canada,1595,183,11,6,16,54
2026-07-24,C010,T017,New listener,Mexico,1474,160,10,5,14,52
2026-07-24,C010,T017,Casual listener,US,4036,574,49,29,78,161
2026-07-24,C010,T017,Casual listener,Canada,995,125,10,6,17,36
2026-07-24,C010,T017,Casual listener,Mexico,1230,142,11,6,18,37
2026-07-24,C010,T017,Existing fan,US,5173,805,109,47,160,160
2026-07-24,C010,T017,Existing fan,Canada,892,133,17,8,26,25
2026-07-24,C010,T017,Existing fan,Mexico,787,114,13,7,25,23
2026-07-24,C010,T017,Lapsed listener,US,4945,644,63,31,105,179
2026-07-24,C010,T017,Lapsed listener,Canada,703,102,8,4,17,24
2026-07-24,C010,T017,Lapsed listener,Mexico,564,73,7,3,10,17
2026-07-25,C010,T017,New listener,US,1789,202,14,7,20,61
2026-07-25,C010,T017,New listener,Canada,875,97,5,3,9,27
2026-07-25,C010,T017,New listener,Mexico,1203,127,9,4,12,39
2026-07-25,C010,T017,Casual listener,US,3335,452,41,24,64,114
2026-07-25,C010,T017,Casual listener,Canada,1533,179,13,9,24,48
2026-07-25,C010,T017,Casual listener,Mexico,408,54,5,2,7,14
2026-07-25,C010,T017,Existing fan,US,4528,784,106,56,168,165
2026-07-25,C010,T017,Existing fan,Canada,654,113,12,6,23,21
2026-07-25,C010,T017,Existing fan,Mexico,668,95,12,6,18,19
2026-07-25,C010,T017,Lapsed listener,US,3415,489,48,21,78,134
2026-07-25,C010,T017,Lapsed listener,Canada,486,68,6,3,10,16
2026-07-25,C010,T017,Lapsed listener,Mexico,1400,180,16,9,28,50
2026-07-26,C010,T017,New listener,US,1644,198,13,7,20,58
2026-07-26,C010,T017,New listener,Canada,1084,134,9,5,11,41
2026-07-26,C010,T017,New listener,Mexico,614,78,5,2,7,22
2026-07-26,C010,T017,Casual listener,US,2676,381,31,16,54,108
2026-07-26,C010,T017,Casual listener,Canada,1233,154,13,8,21,43
2026-07-26,C010,T017,Casual listener,Mexico,617,88,7,4,12,22
2026-07-26,C010,T017,Existing fan,US,4425,771,88,52,157,151
2026-07-26,C010,T017,Existing fan,Canada,704,98,11,6,19,18
2026-07-26,C010,T017,Existing fan,Mexico,485,70,9,4,15,12
2026-07-26,C010,T017,Lapsed listener,US,1374,197,17,10,28,51
2026-07-26,C010,T017,Lapsed listener,Canada,1530,215,18,10,34,50
2026-07-26,C010,T017,Lapsed listener,Mexico,630,79,7,3,11,22
2026-07-27,C010,T017,New listener,US,1272,146,10,5,14,43
2026-07-27,C010,T017,New listener,Canada,1649,178,12,7,16,56
2026-07-27,C010,T017,New listener,Mexico,1243,137,9,5,11,39
2026-07-27,C010,T017,Casual listener,US,1289,150,13,6,22,41
2026-07-27,C010,T017,Casual listener,Canada,862,117,10,5,15,30
2026-07-27,C010,T017,Casual listener,Mexico,783,93,8,4,13,25
2026-07-27,C010,T017,Existing fan,US,3190,471,55,29,94,83
2026-07-27,C010,T017,Existing fan,Canada,1006,150,17,8,31,31
2026-07-27,C010,T017,Existing fan,Mexico,464,75,9,4,16,15
2026-07-27,C010,T017,Lapsed listener,US,1328,201,18,9,33,56
2026-07-27,C010,T017,Lapsed listener,Canada,1825,259,21,11,43,66
2026-07-27,C010,T017,Lapsed listener,Mexico,1264,166,14,7,26,45
2026-06-28,C011,T021,New listener,US,7113,517,23,15,36,200
2026-06-28,C011,T021,New listener,Canada,3448,243,12,7,16,99
2026-06-28,C011,T021,New listener,Mexico,2919,230,12,7,15,96
2026-06-28,C011,T021,Casual listener,US,5750,444,25,18,47,144
2026-06-28,C011,T021,Casual listener,Canada,4564,400,23,14,41,133
2026-06-28,C011,T021,Casual listener,Mexico,1845,129,7,4,14,45
2026-06-28,C011,T021,Existing fan,US,7106,635,60,33,99,170
2026-06-28,C011,T021,Existing fan,Canada,3943,424,35,24,61,102
2026-06-28,C011,T021,Existing fan,Mexico,3196,316,27,16,49,74
2026-06-28,C011,T021,Lapsed listener,US,11654,856,55,30,102,294
2026-06-28,C011,T021,Lapsed listener,Canada,3600,307,21,11,34,99
2026-06-28,C011,T021,Lapsed listener,Mexico,1507,121,8,4,13,39
2026-06-29,C011,T021,New listener,US,6554,517,26,17,39,207
2026-06-29,C011,T021,New listener,Canada,3743,285,14,8,19,104
2026-06-29,C011,T021,New listener,Mexico,1450,114,5,3,8,46
2026-06-29,C011,T021,Casual listener,US,13235,982,66,38,100,309
2026-06-29,C011,T021,Casual listener,Canada,3940,340,21,12,33,119
2026-06-29,C011,T021,Casual listener,Mexico,3019,245,16,10,24,84
2026-06-29,C011,T021,Existing fan,US,6283,649,57,31,109,148
2026-06-29,C011,T021,Existing fan,Canada,2439,220,18,11,35,55
2026-06-29,C011,T021,Existing fan,Mexico,2131,228,21,11,38,53
2026-06-29,C011,T021,Lapsed listener,US,6199,572,39,20,69,198
2026-06-29,C011,T021,Lapsed listener,Canada,2145,179,12,6,20,61
2026-06-29,C011,T021,Lapsed listener,Mexico,907,71,4,2,7,24
2026-06-30,C011,T021,New listener,US,9748,624,30,20,41,250
2026-06-30,C011,T021,New listener,Canada,4048,264,12,7,20,102
2026-06-30,C011,T021,New listener,Mexico,1719,128,6,3,8,54
2026-06-30,C011,T021,Casual listener,US,4951,350,21,13,33,130
2026-06-30,C011,T021,Casual listener,Canada,3060,245,15,9,24,82
2026-06-30,C011,T021,Casual listener,Mexico,982,80,4,3,7,27
2026-06-30,C011,T021,Existing fan,US,5079,490,49,24,71,114
2026-06-30,C011,T021,Existing fan,Canada,2292,199,17,10,28,48
2026-06-30,C011,T021,Existing fan,Mexico,1140,110,10,5,17,27
2026-06-30,C011,T021,Lapsed listener,US,5451,458,28,16,49,159
2026-06-30,C011,T021,Lapsed listener,Canada,2433,189,11,7,19,64
2026-06-30,C011,T021,Lapsed listener,Mexico,1844,152,9,6,19,54
2026-07-01,C011,T021,New listener,US,4995,356,16,11,26,125
2026-07-01,C011,T021,New listener,Canada,2503,178,9,5,12,63
2026-07-01,C011,T021,New listener,Mexico,3370,213,9,6,14,76
2026-07-01,C011,T021,Casual listener,US,8586,681,45,26,65,214
2026-07-01,C011,T021,Casual listener,Canada,2460,183,11,7,20,67
2026-07-01,C011,T021,Casual listener,Mexico,1916,145,8,5,13,48
2026-07-01,C011,T021,Existing fan,US,3301,314,31,17,52,74
2026-07-01,C011,T021,Existing fan,Canada,1566,134,13,7,22,31
2026-07-01,C011,T021,Existing fan,Mexico,3285,335,29,18,49,85
2026-07-01,C011,T021,Lapsed listener,US,7578,609,37,23,72,217
2026-07-01,C011,T021,Lapsed listener,Canada,2306,178,10,6,22,63
2026-07-01,C011,T021,Lapsed listener,Mexico,1698,141,9,5,16,45
2026-07-02,C011,T021,New listener,US,5242,411,20,12,30,166
2026-07-02,C011,T021,New listener,Canada,2208,141,6,3,9,50
2026-07-02,C011,T021,New listener,Mexico,818,64,3,1,4,25
2026-07-02,C011,T021,Casual listener,US,5156,369,22,14,41,135
2026-07-02,C011,T021,Casual listener,Canada,2845,202,12,7,21,76
2026-07-02,C011,T021,Casual listener,Mexico,2044,148,9,6,16,55
2026-07-02,C011,T021,Existing fan,US,4566,485,47,26,69,132
2026-07-02,C011,T021,Existing fan,Canada,3375,300,25,16,47,81
2026-07-02,C011,T021,Existing fan,Mexico,3121,285,23,15,41,74
2026-07-02,C011,T021,Lapsed listener,US,6000,447,31,15,52,158
2026-07-02,C011,T021,Lapsed listener,Canada,3047,233,14,9,28,84
2026-07-02,C011,T021,Lapsed listener,Mexico,1955,170,11,6,18,58
2026-07-03,C011,T021,New listener,US,5400,360,17,10,26,151
2026-07-03,C011,T021,New listener,Canada,3060,221,11,7,16,90
2026-07-03,C011,T021,New listener,Mexico,1913,131,6,4,9,47
2026-07-03,C011,T021,Casual listener,US,8067,673,42,25,71,230
2026-07-03,C011,T021,Casual listener,Canada,3777,292,18,11,28,108
2026-07-03,C011,T021,Casual listener,Mexico,2761,228,14,9,21,75
2026-07-03,C011,T021,Existing fan,US,4667,433,39,22,71,116
2026-07-03,C011,T021,Existing fan,Canada,1718,181,16,10,31,42
2026-07-03,C011,T021,Existing fan,Mexico,2137,208,20,10,34,48
2026-07-03,C011,T021,Lapsed listener,US,5660,507,33,20,63,184
2026-07-03,C011,T021,Lapsed listener,Canada,3597,266,16,9,33,91
2026-07-03,C011,T021,Lapsed listener,Mexico,1417,124,8,5,14,39
2026-07-04,C011,T021,New listener,US,7831,565,27,18,39,224
2026-07-04,C011,T021,New listener,Canada,2828,210,11,6,15,76
2026-07-04,C011,T021,New listener,Mexico,1463,109,5,3,8,42
2026-07-04,C011,T021,Casual listener,US,3592,297,18,12,29,97
2026-07-04,C011,T021,Casual listener,Canada,1338,117,6,4,11,38
2026-07-04,C011,T021,Casual listener,Mexico,1002,71,4,2,7,25
2026-07-04,C011,T021,Existing fan,US,2724,275,24,14,40,68
2026-07-04,C011,T021,Existing fan,Canada,3697,393,37,21,64,108
2026-07-04,C011,T021,Existing fan,Mexico,2691,248,20,13,42,60
2026-07-04,C011,T021,Lapsed listener,US,10162,900,59,35,113,325
2026-07-04,C011,T021,Lapsed listener,Canada,3222,299,19,12,36,90
2026-07-04,C011,T021,Lapsed listener,Mexico,1715,144,8,5,17,51
2026-07-05,C011,T021,New listener,US,8683,601,28,18,42,226
2026-07-05,C011,T021,New listener,Canada,3406,259,13,7,18,91
2026-07-05,C011,T021,New listener,Mexico,1187,86,4,2,6,30
2026-07-05,C011,T021,Casual listener,US,4960,389,25,14,43,139
2026-07-05,C011,T021,Casual listener,Canada,1073,79,4,3,7,27
2026-07-05,C011,T021,Casual listener,Mexico,1318,92,5,3,9,35
2026-07-05,C011,T021,Existing fan,US,3539,317,29,15,52,84
2026-07-05,C011,T021,Existing fan,Canada,1665,171,14,8,26,44
2026-07-05,C011,T021,Existing fan,Mexico,2579,233,21,12,39,53
2026-07-05,C011,T021,Lapsed listener,US,4388,332,24,13,35,110
2026-07-05,C011,T021,Lapsed listener,Canada,2838,208,14,8,24,63
2026-07-05,C011,T021,Lapsed listener,Mexico,2504,185,12,7,19,56
2026-07-06,C011,T021,New listener,US,7126,505,25,14,38,183
2026-07-06,C011,T021,New listener,Canada,928,60,3,1,4,25
2026-07-06,C011,T021,New listener,Mexico,2053,148,7,5,10,58
2026-07-06,C011,T021,Casual listener,US,3940,316,18,11,30,114
2026-07-06,C011,T021,Casual listener,Canada,870,66,4,2,6,21
2026-07-06,C011,T021,Casual listener,Mexico,2633,184,12,6,20,68
2026-07-06,C011,T021,Existing fan,US,5227,467,43,24,67,114
2026-07-06,C011,T021,Existing fan,Canada,3246,340,28,18,57,79
2026-07-06,C011,T021,Existing fan,Mexico,926,89,9,4,13,22
2026-07-06,C011,T021,Lapsed listener,US,7863,707,46,25,78,213
2026-07-06,C011,T021,Lapsed listener,Canada,2755,204,13,7,22,70
2026-07-06,C011,T021,Lapsed listener,Mexico,2054,166,11,6,20,50
2026-07-07,C011,T021,New listener,US,8840,689,35,22,45,274
2026-07-07,C011,T021,New listener,Canada,2042,145,6,4,10,57
2026-07-07,C011,T021,New listener,Mexico,1174,89,4,2,6,35
2026-07-07,C011,T021,Casual listener,US,6694,505,32,19,50,192
2026-07-07,C011,T021,Casual listener,Canada,3013,238,15,9,24,84
2026-07-07,C011,T021,Casual listener,Mexico,2816,228,15,8,22,82
2026-07-07,C011,T021,Existing fan,US,6707,653,62,31,105,178
2026-07-07,C011,T021,Existing fan,Canada,2048,202,17,11,30,48
2026-07-07,C011,T021,Existing fan,Mexico,1337,124,11,6,19,30
2026-07-07,C011,T021,Lapsed listener,US,5703,485,33,17,57,170
2026-07-07,C011,T021,Lapsed listener,Canada,2074,159,11,6,18,49
2026-07-07,C011,T021,Lapsed listener,Mexico,2307,195,12,7,24,66
2026-07-08,C011,T021,New listener,US,4807,350,17,10,26,145
2026-07-08,C011,T021,New listener,Canada,2345,157,7,4,11,61
2026-07-08,C011,T021,New listener,Mexico,1140,76,3,2,5,30
2026-07-08,C011,T021,Casual listener,US,7123,497,29,21,55,171
2026-07-08,C011,T021,Casual listener,Canada,3084,249,15,9,24,79
2026-07-08,C011,T021,Casual listener,Mexico,2114,172,10,6,17,57
2026-07-08,C011,T021,Existing fan,US,3990,356,32,19,51,95
2026-07-08,C011,T021,Existing fan,Canada,1935,169,15,8,24,44
2026-07-08,C011,T021,Existing fan,Mexico,2099,188,18,10,26,45
2026-07-08,C011,T021,Lapsed listener,US,5690,448,28,16,53,156
2026-07-08,C011,T021,Lapsed listener,Canada,3092,248,15,8,29,86
2026-07-08,C011,T021,Lapsed listener,Mexico,1228,109,7,3,13,39
2026-07-09,C011,T021,New listener,US,3285,238,12,8,17,86
2026-07-09,C011,T021,New listener,Canada,1748,135,6,4,8,49
2026-07-09,C011,T021,New listener,Mexico,1353,91,4,2,6,38
2026-07-09,C011,T021,Casual listener,US,6826,533,31,22,53,183
2026-07-09,C011,T021,Casual listener,Canada,1358,113,6,4,11,39
2026-07-09,C011,T021,Casual listener,Mexico,1525,112,7,4,12,37
2026-07-09,C011,T021,Existing fan,US,2441,235,22,13,37,57
2026-07-09,C011,T021,Existing fan,Canada,1060,104,10,5,17,24
2026-07-09,C011,T021,Existing fan,Mexico,1668,155,13,8,26,38
2026-07-09,C011,T021,Lapsed listener,US,7821,722,50,28,86,218
2026-07-09,C011,T021,Lapsed listener,Canada,835,67,4,2,7,23
2026-07-09,C011,T021,Lapsed listener,Mexico,2037,152,9,5,17,55
2026-07-10,C011,T021,New listener,US,7687,503,23,15,35,197
2026-07-10,C011,T021,New listener,Canada,1496,115,6,3,8,41
2026-07-10,C011,T021,New listener,Mexico,1111,71,3,1,4,30
2026-07-10,C011,T021,Casual listener,US,7390,536,31,20,59,175
2026-07-10,C011,T021,Casual listener,Canada,2340,177,11,6,16,56
2026-07-10,C011,T021,Casual listener,Mexico,1167,87,5,3,8,27
2026-07-10,C011,T021,Existing fan,US,4396,435,36,24,65,115
2026-07-10,C011,T021,Existing fan,Canada,2832,249,22,13,41,58
2026-07-10,C011,T021,Existing fan,Mexico,1203,109,9,6,18,27
2026-07-10,C011,T021,Lapsed listener,US,2367,196,14,7,21,64
2026-07-10,C011,T021,Lapsed listener,Canada,1245,97,6,3,11,31
2026-07-10,C011,T021,Lapsed listener,Mexico,2075,159,9,5,19,55
2026-07-11,C011,T021,New listener,US,2819,224,10,6,16,87
2026-07-11,C011,T021,New listener,Canada,2214,159,8,5,11,63
2026-07-11,C011,T021,New listener,Mexico,2217,152,7,4,11,62
2026-07-11,C011,T021,Casual listener,US,7963,697,41,29,66,220
2026-07-11,C011,T021,Casual listener,Canada,982,79,4,2,8,27
2026-07-11,C011,T021,Casual listener,Mexico,1763,132,7,5,14,43
2026-07-11,C011,T021,Existing fan,US,3721,355,33,19,52,94
2026-07-11,C011,T021,Existing fan,Canada,2220,201,16,10,31,50
2026-07-11,C011,T021,Existing fan,Mexico,2049,208,18,10,30,57
2026-07-11,C011,T021,Lapsed listener,US,4829,444,32,18,49,134
2026-07-11,C011,T021,Lapsed listener,Canada,2483,226,16,9,24,71
2026-07-11,C011,T021,Lapsed listener,Mexico,2195,184,11,7,22,55
2026-07-12,C011,T021,New listener,US,5627,371,19,10,28,134
2026-07-12,C011,T021,New listener,Canada,2769,186,8,5,13,65
2026-07-12,C011,T021,New listener,Mexico,1796,122,6,3,8,46
2026-07-12,C011,T021,Casual listener,US,7657,619,42,25,62,216
2026-07-12,C011,T021,Casual listener,Canada,2718,227,14,8,25,86
2026-07-12,C011,T021,Casual listener,Mexico,1717,130,8,5,13,42
2026-07-12,C011,T021,Existing fan,US,4149,361,32,18,51,87
2026-07-12,C011,T021,Existing fan,Canada,1175,105,9,5,17,24
2026-07-12,C011,T021,Existing fan,Mexico,2236,219,22,10,38,51
2026-07-12,C011,T021,Lapsed listener,US,2411,189,12,6,21,68
2026-07-12,C011,T021,Lapsed listener,Canada,2515,189,13,7,21,65
2026-07-12,C011,T021,Lapsed listener,Mexico,1700,153,11,5,18,54
2026-07-13,C011,T021,New listener,US,5455,401,19,11,29,163
2026-07-13,C011,T021,New listener,Canada,2538,188,9,6,12,78
2026-07-13,C011,T021,New listener,Mexico,1834,130,6,4,9,53
2026-07-13,C011,T021,Casual listener,US,6242,441,28,18,43,163
2026-07-13,C011,T021,Casual listener,Canada,2664,197,13,8,19,74
2026-07-13,C011,T021,Casual listener,Mexico,837,69,4,2,6,24
2026-07-13,C011,T021,Existing fan,US,5120,445,38,23,76,102
2026-07-13,C011,T021,Existing fan,Canada,1794,191,16,9,29,47
2026-07-13,C011,T021,Existing fan,Mexico,635,58,5,2,9,16
2026-07-13,C011,T021,Lapsed listener,US,6152,522,34,21,58,176
2026-07-13,C011,T021,Lapsed listener,Canada,1256,100,6,3,12,30
2026-07-13,C011,T021,Lapsed listener,Mexico,789,70,4,2,8,21
2026-07-14,C011,T021,New listener,US,3455,275,12,7,18,117
2026-07-14,C011,T021,New listener,Canada,1928,143,7,4,10,51
2026-07-14,C011,T021,New listener,Mexico,1005,78,3,2,5,33
2026-07-14,C011,T021,Casual listener,US,1890,161,9,5,16,61
2026-07-14,C011,T021,Casual listener,Canada,1019,76,4,3,7,27
2026-07-14,C011,T021,Casual listener,Mexico,929,65,4,2,6,23
2026-07-14,C011,T021,Existing fan,US,2880,278,24,14,43,67
2026-07-14,C011,T021,Existing fan,Canada,1213,122,12,6,19,29
2026-07-14,C011,T021,Existing fan,Mexico,1687,159,16,8,26,41
2026-07-14,C011,T021,Lapsed listener,US,4060,316,19,11,33,106
2026-07-14,C011,T021,Lapsed listener,Canada,1055,80,5,2,9,25
2026-07-14,C011,T021,Lapsed listener,Mexico,1489,129,8,5,14,39
2026-07-15,C011,T021,New listener,US,7370,554,26,17,42,223
2026-07-15,C011,T021,New listener,Canada,1865,122,5,3,7,51
2026-07-15,C011,T021,New listener,Mexico,1221,84,4,2,6,34
2026-07-15,C011,T021,Casual listener,US,5079,397,26,16,42,142
2026-07-15,C011,T021,Casual listener,Canada,2555,220,13,9,21,72
2026-07-15,C011,T021,Casual listener,Mexico,775,61,4,2,6,20
2026-07-15,C011,T021,Existing fan,US,7890,761,67,37,112,173
2026-07-15,C011,T021,Existing fan,Canada,655,65,6,3,10,14
2026-07-15,C011,T021,Existing fan,Mexico,1869,192,19,9,28,49
2026-07-15,C011,T021,Lapsed listener,US,6897,542,35,20,64,195
2026-07-15,C011,T021,Lapsed listener,Canada,1294,105,7,4,12,36
2026-07-15,C011,T021,Lapsed listener,Mexico,2049,161,11,6,18,48
2026-07-16,C011,T021,New listener,US,7529,553,28,17,42,234
2026-07-16,C011,T021,New listener,Canada,2624,190,10,6,12,70
2026-07-16,C011,T021,New listener,Mexico,605,46,2,1,3,16
2026-07-16,C011,T021,Casual listener,US,4018,283,19,10,28,97
2026-07-16,C011,T021,Casual listener,Canada,858,72,4,2,7,24
2026-07-16,C011,T021,Casual listener,Mexico,1869,161,10,6,17,59
2026-07-16,C011,T021,Existing fan,US,2283,220,20,11,35,58
2026-07-16,C011,T021,Existing fan,Canada,1384,147,13,8,21,38
2026-07-16,C011,T021,Existing fan,Mexico,538,54,4,2,9,12
2026-07-16,C011,T021,Lapsed listener,US,3050,280,19,10,31,88
2026-07-16,C011,T021,Lapsed listener,Canada,1143,104,6,3,11,37
2026-07-16,C011,T021,Lapsed listener,Mexico,1344,125,8,4,13,38
2026-07-17,C011,T021,New listener,US,2887,223,9,6,16,92
2026-07-17,C011,T021,New listener,Canada,1461,115,5,3,7,47
2026-07-17,C011,T021,New listener,Mexico,1905,134,6,4,9,48
2026-07-17,C011,T021,Casual listener,US,2608,199,12,7,22,72
2026-07-17,C011,T021,Casual listener,Canada,868,76,4,2,7,27
2026-07-17,C011,T021,Casual listener,Mexico,1001,78,5,3,7,29
2026-07-17,C011,T021,Existing fan,US,5837,510,47,28,76,120
2026-07-17,C011,T021,Existing fan,Canada,2149,221,21,10,38,52
2026-07-17,C011,T021,Existing fan,Mexico,1798,176,16,8,27,47
2026-07-17,C011,T021,Lapsed listener,US,2081,171,10,6,21,61
2026-07-17,C011,T021,Lapsed listener,Canada,1682,137,9,5,17,41
2026-07-17,C011,T021,Lapsed listener,Mexico,741,63,4,2,6,20
2026-07-18,C011,T021,New listener,US,6780,509,24,16,32,212
2026-07-18,C011,T021,New listener,Canada,1569,105,5,3,6,37
2026-07-18,C011,T021,New listener,Mexico,1249,92,5,2,6,39
2026-07-18,C011,T021,Casual listener,US,4280,326,20,11,33,104
2026-07-18,C011,T021,Casual listener,Canada,1542,129,8,4,12,42
2026-07-18,C011,T021,Casual listener,Mexico,713,61,4,2,6,20
2026-07-18,C011,T021,Existing fan,US,2567,276,26,14,40,70
2026-07-18,C011,T021,Existing fan,Canada,2401,248,21,12,41,62
2026-07-18,C011,T021,Existing fan,Mexico,1872,198,16,10,34,53
2026-07-18,C011,T021,Lapsed listener,US,6730,532,36,19,67,185
2026-07-18,C011,T021,Lapsed listener,Canada,702,55,3,1,6,19
2026-07-18,C011,T021,Lapsed listener,Mexico,826,61,4,2,6,20
2026-07-19,C011,T021,New listener,US,5862,449,21,12,29,190
2026-07-19,C011,T021,New listener,Canada,1316,84,3,2,6,35
2026-07-19,C011,T021,New listener,Mexico,502,35,1,1,2,14
2026-07-19,C011,T021,Casual listener,US,6226,462,28,18,51,163
2026-07-19,C011,T021,Casual listener,Canada,1132,89,5,3,9,30
2026-07-19,C011,T021,Casual listener,Mexico,1788,134,7,5,13,47
2026-07-19,C011,T021,Existing fan,US,4066,369,36,18,57,95
2026-07-19,C011,T021,Existing fan,Canada,2080,177,15,9,29,46
2026-07-19,C011,T021,Existing fan,Mexico,1911,170,16,8,27,39
2026-07-19,C011,T021,Lapsed listener,US,2006,156,9,5,16,50
2026-07-19,C011,T021,Lapsed listener,Canada,1225,96,5,3,10,29
2026-07-19,C011,T021,Lapsed listener,Mexico,495,40,2,1,4,13
2026-07-20,C011,T021,New listener,US,2682,208,9,6,15,84
2026-07-20,C011,T021,New listener,Canada,1865,138,7,3,9,50
2026-07-20,C011,T021,New listener,Mexico,1044,74,3,2,4,28
2026-07-20,C011,T021,Casual listener,US,2992,212,14,7,21,70
2026-07-20,C011,T021,Casual listener,Canada,1775,127,7,4,12,46
2026-07-20,C011,T021,Casual listener,Mexico,1609,136,8,5,13,48
2026-07-20,C011,T021,Existing fan,US,5538,496,49,27,85,118
2026-07-20,C011,T021,Existing fan,Canada,1975,178,17,8,26,44
2026-07-20,C011,T021,Existing fan,Mexico,985,106,9,5,15,25
2026-07-20,C011,T021,Lapsed listener,US,4850,405,28,14,48,142
2026-07-20,C011,T021,Lapsed listener,Canada,1747,128,8,5,14,40
2026-07-20,C011,T021,Lapsed listener,Mexico,1047,92,6,3,10,32
2026-07-21,C011,T021,New listener,US,6086,478,24,16,30,204
2026-07-21,C011,T021,New listener,Canada,1481,112,5,3,7,43
2026-07-21,C011,T021,New listener,Mexico,885,57,2,1,3,23
2026-07-21,C011,T021,Casual listener,US,6566,482,29,20,50,170
2026-07-21,C011,T021,Casual listener,Canada,810,62,4,2,6,23
2026-07-21,C011,T021,Casual listener,Mexico,1290,101,6,3,9,38
2026-07-21,C011,T021,Existing fan,US,1702,172,14,9,25,46
2026-07-21,C011,T021,Existing fan,Canada,1126,108,10,5,15,29
2026-07-21,C011,T021,Existing fan,Mexico,1748,166,14,9,24,38
2026-07-21,C011,T021,Lapsed listener,US,3751,275,18,9,30,92
2026-07-21,C011,T021,Lapsed listener,Canada,1836,167,10,6,19,50
2026-07-21,C011,T021,Lapsed listener,Mexico,1035,92,6,3,11,27
2026-07-22,C011,T021,New listener,US,3830,275,14,8,17,114
2026-07-22,C011,T021,New listener,Canada,1130,86,4,2,6,31
2026-07-22,C011,T021,New listener,Mexico,1768,119,5,3,8,46
2026-07-22,C011,T021,Casual listener,US,2891,203,11,8,18,67
2026-07-22,C011,T021,Casual listener,Canada,1005,85,5,3,8,31
2026-07-22,C011,T021,Casual listener,Mexico,887,64,4,2,6,20
2026-07-22,C011,T021,Existing fan,US,2505,255,24,13,42,67
2026-07-22,C011,T021,Existing fan,Canada,1740,154,13,8,24,34
2026-07-22,C011,T021,Existing fan,Mexico,1299,111,9,6,17,25
2026-07-22,C011,T021,Lapsed listener,US,2835,219,13,7,24,77
2026-07-22,C011,T021,Lapsed listener,Canada,1271,111,7,4,13,39
2026-07-22,C011,T021,Lapsed listener,Mexico,1806,164,11,6,20,50
2026-07-23,C011,T021,New listener,US,6314,453,22,15,31,181
2026-07-23,C011,T021,New listener,Canada,1734,117,5,3,8,48
2026-07-23,C011,T021,New listener,Mexico,462,30,1,0,2,10
2026-07-23,C011,T021,Casual listener,US,6209,446,29,18,43,161
2026-07-23,C011,T021,Casual listener,Canada,818,65,4,2,6,24
2026-07-23,C011,T021,Casual listener,Mexico,536,42,2,1,4,15
2026-07-23,C011,T021,Existing fan,US,5616,589,55,28,93,135
2026-07-23,C011,T021,Existing fan,Canada,1955,190,16,9,27,44
2026-07-23,C011,T021,Existing fan,Mexico,1389,133,13,6,22,34
2026-07-23,C011,T021,Lapsed listener,US,2213,184,12,6,22,61
2026-07-23,C011,T021,Lapsed listener,Canada,1394,114,7,4,12,34
2026-07-23,C011,T021,Lapsed listener,Mexico,442,39,2,1,4,13
2026-07-24,C011,T021,New listener,US,2115,144,7,4,10,51
2026-07-24,C011,T021,New listener,Canada,1006,71,3,2,5,28
2026-07-24,C011,T021,New listener,Mexico,533,40,2,1,2,17
2026-07-24,C011,T021,Casual listener,US,3932,302,17,12,32,110
2026-07-24,C011,T021,Casual listener,Canada,1196,87,5,3,9,30
2026-07-24,C011,T021,Casual listener,Mexico,1044,82,5,2,7,30
2026-07-24,C011,T021,Existing fan,US,5428,540,45,27,77,133
2026-07-24,C011,T021,Existing fan,Canada,564,48,4,2,8,11
2026-07-24,C011,T021,Existing fan,Mexico,1164,101,9,5,14,24
2026-07-24,C011,T021,Lapsed listener,US,2426,189,11,6,20,60
2026-07-24,C011,T021,Lapsed listener,Canada,625,50,3,2,5,15
2026-07-24,C011,T021,Lapsed listener,Mexico,493,42,2,1,4,14
2026-07-25,C011,T021,New listener,US,5742,405,19,13,30,167
2026-07-25,C011,T021,New listener,Canada,1866,123,5,3,7,44
2026-07-25,C011,T021,New listener,Mexico,1246,83,4,2,6,33
2026-07-25,C011,T021,Casual listener,US,3444,281,16,11,27,106
2026-07-25,C011,T021,Casual listener,Canada,1794,155,9,5,16,50
2026-07-25,C011,T021,Casual listener,Mexico,536,41,2,1,3,14
2026-07-25,C011,T021,Existing fan,US,3703,377,35,20,61,91
2026-07-25,C011,T021,Existing fan,Canada,1265,112,9,5,18,27
2026-07-25,C011,T021,Existing fan,Mexico,1543,146,12,8,21,36
2026-07-25,C011,T021,Lapsed listener,US,1734,155,10,6,17,49
2026-07-25,C011,T021,Lapsed listener,Canada,1466,129,9,4,14,40
2026-07-25,C011,T021,Lapsed listener,Mexico,1197,95,6,3,12,34
2026-06-09,C012,T016,New listener,US,2704,340,23,13,35,107
2026-06-09,C012,T016,New listener,Canada,3101,382,27,15,40,118
2026-06-09,C012,T016,New listener,Mexico,1071,125,8,4,11,40
2026-06-09,C012,T016,Casual listener,US,6745,956,77,49,142,260
2026-06-09,C012,T016,Casual listener,Canada,2330,278,25,12,42,69
2026-06-09,C012,T016,Casual listener,Mexico,1464,183,16,8,27,45
2026-06-09,C012,T016,Existing fan,US,6529,1169,139,83,273,235
2026-06-09,C012,T016,Existing fan,Canada,1216,180,23,12,41,36
2026-06-09,C012,T016,Existing fan,Mexico,2669,390,55,25,78,76
2026-06-09,C012,T016,Lapsed listener,US,8856,1165,107,55,179,313
2026-06-09,C012,T016,Lapsed listener,Canada,970,144,14,7,23,36
2026-06-09,C012,T016,Lapsed listener,Mexico,1873,295,25,15,51,77
2026-06-10,C012,T016,New listener,US,8951,1185,73,44,124,384
2026-06-10,C012,T016,New listener,Canada,913,112,7,4,11,35
2026-06-10,C012,T016,New listener,Mexico,2504,333,21,12,32,102
2026-06-10,C012,T016,Casual listener,US,5654,802,75,41,125,228
2026-06-10,C012,T016,Casual listener,Canada,800,117,10,5,17,29
2026-06-10,C012,T016,Casual listener,Mexico,853,103,9,5,15,27
2026-06-10,C012,T016,Existing fan,US,9591,1492,194,95,321,281
2026-06-10,C012,T016,Existing fan,Canada,901,150,20,10,30,29
2026-06-10,C012,T016,Existing fan,Mexico,1412,237,30,14,51,43
2026-06-10,C012,T016,Lapsed listener,US,7607,964,85,43,164,252
2026-06-10,C012,T016,Lapsed listener,Canada,1346,190,17,9,32,48
2026-06-10,C012,T016,Lapsed listener,Mexico,1843,243,24,11,43,63
2026-06-11,C012,T016,New listener,US,8581,1086,69,40,113,289
2026-06-11,C012,T016,New listener,Canada,935,125,9,4,13,35
2026-06-11,C012,T016,New listener,Mexico,1987,262,16,11,23,71
2026-06-11,C012,T016,Casual listener,US,7802,941,90,44,147,261
2026-06-11,C012,T016,Casual listener,Canada,1815,267,22,14,38,65
2026-06-11,C012,T016,Casual listener,Mexico,2583,314,28,15,47,85
2026-06-11,C012,T016,Existing fan,US,3978,671,95,48,141,139
2026-06-11,C012,T016,Existing fan,Canada,1241,190,26,11,42,35
2026-06-11,C012,T016,Existing fan,Mexico,1289,203,24,14,48,40
2026-06-11,C012,T016,Lapsed listener,US,8694,1120,95,52,177,292
2026-06-11,C012,T016,Lapsed listener,Canada,982,125,11,6,18,33
2026-06-11,C012,T016,Lapsed listener,Mexico,2361,322,30,16,55,77
2026-06-12,C012,T016,New listener,US,4306,575,41,22,54,180
2026-06-12,C012,T016,New listener,Canada,2351,302,21,12,30,93
2026-06-12,C012,T016,New listener,Mexico,2497,324,23,13,34,98
2026-06-12,C012,T016,Casual listener,US,9244,1316,119,69,202,318
2026-06-12,C012,T016,Casual listener,Canada,2829,361,31,17,50,103
2026-06-12,C012,T016,Casual listener,Mexico,1425,175,15,8,26,49
2026-06-12,C012,T016,Existing fan,US,8881,1498,211,95,308,266
2026-06-12,C012,T016,Existing fan,Canada,1476,261,35,16,60,52
2026-06-12,C012,T016,Existing fan,Mexico,2025,324,42,23,69,63
2026-06-12,C012,T016,Lapsed listener,US,8744,1226,112,55,209,335
2026-06-12,C012,T016,Lapsed listener,Canada,857,125,10,5,20,34
2026-06-12,C012,T016,Lapsed listener,Mexico,1358,192,16,9,31,46
2026-06-13,C012,T016,New listener,US,4869,645,44,26,64,171
2026-06-13,C012,T016,New listener,Canada,1813,236,17,10,25,64
2026-06-13,C012,T016,New listener,Mexico,1039,137,9,5,12,42
2026-06-13,C012,T016,Casual listener,US,3767,495,45,25,66,134
2026-06-13,C012,T016,Casual listener,Canada,1072,153,13,7,21,36
2026-06-13,C012,T016,Casual listener,Mexico,1276,151,13,7,22,41
2026-06-13,C012,T016,Existing fan,US,3749,654,89,42,139,134
2026-06-13,C012,T016,Existing fan,Canada,1175,181,21,11,40,32
2026-06-13,C012,T016,Existing fan,Mexico,1576,280,34,20,65,56
2026-06-13,C012,T016,Lapsed listener,US,3960,556,49,24,96,137
2026-06-13,C012,T016,Lapsed listener,Canada,2224,344,31,18,51,94
2026-06-13,C012,T016,Lapsed listener,Mexico,1820,257,22,13,44,62
2026-06-14,C012,T016,New listener,US,2298,247,15,9,24,69
2026-06-14,C012,T016,New listener,Canada,1784,222,13,9,19,64
2026-06-14,C012,T016,New listener,Mexico,1112,146,10,6,15,44
2026-06-14,C012,T016,Casual listener,US,3601,431,36,22,59,122
2026-06-14,C012,T016,Casual listener,Canada,2337,309,26,14,46,80
2026-06-14,C012,T016,Casual listener,Mexico,996,141,13,6,18,34
2026-06-14,C012,T016,Existing fan,US,2232,371,44,27,85,74
2026-06-14,C012,T016,Existing fan,Canada,2127,384,54,26,91,66
2026-06-14,C012,T016,Existing fan,Mexico,1378,200,28,14,41,41
2026-06-14,C012,T016,Lapsed listener,US,4205,551,48,29,97,132
2026-06-14,C012,T016,Lapsed listener,Canada,1327,173,17,8,27,46
2026-06-14,C012,T016,Lapsed listener,Mexico,1998,248,24,13,37,57
2026-06-15,C012,T016,New listener,US,8381,932,62,35,90,292
2026-06-15,C012,T016,New listener,Canada,1815,200,13,8,19,54
2026-06-15,C012,T016,New listener,Mexico,1197,143,10,5,13,42
2026-06-15,C012,T016,Casual listener,US,3749,548,46,25,76,144
2026-06-15,C012,T016,Casual listener,Canada,1006,133,11,6,18,36
2026-06-15,C012,T016,Casual listener,Mexico,849,111,9,6,17,30
2026-06-15,C012,T016,Existing fan,US,7279,1242,149,79,246,219
2026-06-15,C012,T016,Existing fan,Canada,997,178,24,12,41,31
2026-06-15,C012,T016,Existing fan,Mexico,1123,173,24,11,38,31
2026-06-15,C012,T016,Lapsed listener,US,7190,1084,105,52,185,291
2026-06-15,C012,T016,Lapsed listener,Canada,1503,231,21,12,40,54
2026-06-15,C012,T016,Lapsed listener,Mexico,1497,206,18,10,33,54
2026-06-16,C012,T016,New listener,US,6972,901,63,37,87,275
2026-06-16,C012,T016,New listener,Canada,1059,126,9,4,13,35
2026-06-16,C012,T016,New listener,Mexico,1698,206,15,8,18,63
2026-06-16,C012,T016,Casual listener,US,5769,783,63,42,105,211
2026-06-16,C012,T016,Casual listener,Canada,1792,251,20,12,38,64
2026-06-16,C012,T016,Casual listener,Mexico,1496,203,17,9,27,54
2026-06-16,C012,T016,Existing fan,US,2639,435,59,27,104,76
2026-06-16,C012,T016,Existing fan,Canada,2633,421,53,29,84,81
2026-06-16,C012,T016,Existing fan,Mexico,1304,200,26,13,46,40
2026-06-16,C012,T016,Lapsed listener,US,3522,452,45,23,77,123
2026-06-16,C012,T016,Lapsed listener,Canada,1448,212,20,11,35,55
2026-06-16,C012,T016,Lapsed listener,Mexico,1994,313,30,14,51,83
2026-06-17,C012,T016,New listener,US,7915,960,67,39,90,280
2026-06-17,C012,T016,New listener,Canada,2474,299,22,12,26,90
2026-06-17,C012,T016,New listener,Mexico,767,89,5,3,8,25
2026-06-17,C012,T016,Casual listener,US,3784,513,49,24,80,133
2026-06-17,C012,T016,Casual listener,Canada,1913,274,26,12,40,79
2026-06-17,C012,T016,Casual listener,Mexico,1895,261,22,13,40,69
2026-06-17,C012,T016,Existing fan,US,6186,1016,136,64,238,185
2026-06-17,C012,T016,Existing fan,Canada,2579,392,55,24,88,71
2026-06-17,C012,T016,Existing fan,Mexico,1977,285,37,20,66,52
2026-06-17,C012,T016,Lapsed listener,US,4517,696,67,36,118,170
2026-06-17,C012,T016,Lapsed listener,Canada,1748,257,24,11,38,61
2026-06-17,C012,T016,Lapsed listener,Mexico,2026,263,25,13,40,61
2026-06-18,C012,T016,New listener,US,6832,805,56,30,77,252
2026-06-18,C012,T016,New listener,Canada,1568,175,11,7,17,54
2026-06-18,C012,T016,New listener,Mexico,1224,158,11,5,16,47
2026-06-18,C012,T016,Casual listener,US,7306,1084,92,51,142,295
2026-06-18,C012,T016,Casual listener,Canada,1679,208,19,10,32,51
2026-06-18,C012,T016,Casual listener,Mexico,1425,186,17,8,29,46
2026-06-18,C012,T016,Existing fan,US,3918,618,81,43,125,125
2026-06-18,C012,T016,Existing fan,Canada,2260,335,45,22,66,65
2026-06-18,C012,T016,Existing fan,Mexico,1900,293,36,21,62,56
2026-06-18,C012,T016,Lapsed listener,US,6485,975,87,45,142,234
2026-06-18,C012,T016,Lapsed listener,Canada,996,153,15,8,22,40
2026-06-18,C012,T016,Lapsed listener,Mexico,1798,259,22,12,44,62
2026-06-19,C012,T016,New listener,US,3925,448,28,19,41,127
2026-06-19,C012,T016,New listener,Canada,1618,186,11,7,17,51
2026-06-19,C012,T016,New listener,Mexico,935,109,8,4,10,34
2026-06-19,C012,T016,Casual listener,US,6627,805,75,40,111,191
2026-06-19,C012,T016,Casual listener,Canada,1429,213,17,11,32,53
2026-06-19,C012,T016,Casual listener,Mexico,708,84,7,4,12,24
2026-06-19,C012,T016,Existing fan,US,2857,490,63,33,110,99
2026-06-19,C012,T016,Existing fan,Canada,2105,304,38,19,67,58
2026-06-19,C012,T016,Existing fan,Mexico,1393,223,31,16,49,45
2026-06-19,C012,T016,Lapsed listener,US,5725,792,81,41,130,194
2026-06-19,C012,T016,Lapsed listener,Canada,2015,287,25,15,43,74
2026-06-19,C012,T016,Lapsed listener,Mexico,1818,246,24,12,40,59
2026-06-20,C012,T016,New listener,US,7002,831,55,35,86,261
2026-06-20,C012,T016,New listener,Canada,1453,162,10,7,17,52
2026-06-20,C012,T016,New listener,Mexico,1553,209,13,9,18,55
2026-06-20,C012,T016,Casual listener,US,3077,443,37,21,65,110
2026-06-20,C012,T016,Casual listener,Canada,1294,158,14,8,24,44
2026-06-20,C012,T016,Casual listener,Mexico,1271,153,12,7,19,37
2026-06-20,C012,T016,Existing fan,US,5526,918,111,57,194,186
2026-06-20,C012,T016,Existing fan,Canada,2184,368,46,25,84,64
2026-06-20,C012,T016,Existing fan,Mexico,1029,165,23,11,37,29
2026-06-20,C012,T016,Lapsed listener,US,5413,700,59,33,114,183
2026-06-20,C012,T016,Lapsed listener,Canada,1082,168,15,9,24,39
2026-06-20,C012,T016,Lapsed listener,Mexico,904,133,13,6,20,35
2026-06-21,C012,T016,New listener,US,2722,305,19,12,27,86
2026-06-21,C012,T016,New listener,Canada,824,89,6,3,8,25
2026-06-21,C012,T016,New listener,Mexico,1657,184,13,7,16,50
2026-06-21,C012,T016,Casual listener,US,5762,756,69,39,101,186
2026-06-21,C012,T016,Casual listener,Canada,1595,213,18,11,29,57
2026-06-21,C012,T016,Casual listener,Mexico,1643,201,16,10,26,49
2026-06-21,C012,T016,Existing fan,US,2405,395,53,27,86,80
2026-06-21,C012,T016,Existing fan,Canada,2205,339,40,21,80,67
2026-06-21,C012,T016,Existing fan,Mexico,749,127,15,8,26,23
2026-06-21,C012,T016,Lapsed listener,US,3523,548,52,29,97,148
2026-06-21,C012,T016,Lapsed listener,Canada,1523,198,17,10,34,46
2026-06-21,C012,T016,Lapsed listener,Mexico,1466,225,23,11,38,58
2026-06-22,C012,T016,New listener,US,6559,712,47,28,65,226
2026-06-22,C012,T016,New listener,Canada,1475,185,13,6,18,58
2026-06-22,C012,T016,New listener,Mexico,923,106,7,4,9,32
2026-06-22,C012,T016,Casual listener,US,5516,783,74,37,119,197
2026-06-22,C012,T016,Casual listener,Canada,588,80,6,3,12,22
2026-06-22,C012,T016,Casual listener,Mexico,716,88,7,4,13,22
2026-06-22,C012,T016,Existing fan,US,3158,526,67,33,111,103
2026-06-22,C012,T016,Existing fan,Canada,2261,368,47,25,74,69
2026-06-22,C012,T016,Existing fan,Mexico,1219,182,25,13,40,31
2026-06-22,C012,T016,Lapsed listener,US,1803,273,26,12,47,66
2026-06-22,C012,T016,Lapsed listener,Canada,688,98,8,5,15,24
2026-06-22,C012,T016,Lapsed listener,Mexico,1887,286,27,14,46,76
2026-06-23,C012,T016,New listener,US,5149,600,38,25,61,172
2026-06-23,C012,T016,New listener,Canada,1964,229,14,9,24,71
2026-06-23,C012,T016,New listener,Mexico,518,58,3,2,6,17
2026-06-23,C012,T016,Casual listener,US,6262,913,81,42,119,256
2026-06-23,C012,T016,Casual listener,Canada,975,145,13,7,22,35
2026-06-23,C012,T016,Casual listener,Mexico,770,107,8,5,16,29
2026-06-23,C012,T016,Existing fan,US,1715,253,30,16,59,48
2026-06-23,C012,T016,Existing fan,Canada,675,113,13,6,24,21
2026-06-23,C012,T016,Existing fan,Mexico,912,156,20,10,31,28
2026-06-23,C012,T016,Lapsed listener,US,2767,412,35,18,71,111
2026-06-23,C012,T016,Lapsed listener,Canada,1812,250,24,11,37,65
2026-06-23,C012,T016,Lapsed listener,Mexico,631,80,7,3,14,18
2026-06-24,C012,T016,New listener,US,1729,206,14,8,22,63
2026-06-24,C012,T016,New listener,Canada,1181,132,9,5,11,39
2026-06-24,C012,T016,New listener,Mexico,1384,162,10,5,14,49
2026-06-24,C012,T016,Casual listener,US,3898,558,45,29,76,135
2026-06-24,C012,T016,Casual listener,Canada,1278,152,13,7,21,43
2026-06-24,C012,T016,Casual listener,Mexico,432,59,5,2,8,15
2026-06-24,C012,T016,Existing fan,US,1610,285,37,20,61,59
2026-06-24,C012,T016,Existing fan,Canada,1541,273,32,19,61,54
2026-06-24,C012,T016,Existing fan,Mexico,895,154,20,10,35,29
2026-06-24,C012,T016,Lapsed listener,US,1609,242,21,11,36,56
2026-06-24,C012,T016,Lapsed listener,Canada,1482,211,19,10,36,48
2026-06-24,C012,T016,Lapsed listener,Mexico,473,62,5,3,9,14
2026-06-25,C012,T016,New listener,US,5196,693,46,26,63,193
2026-06-25,C012,T016,New listener,Canada,1801,206,13,8,20,63
2026-06-25,C012,T016,New listener,Mexico,587,69,5,2,6,18
2026-06-25,C012,T016,Casual listener,US,3630,491,47,22,67,141
2026-06-25,C012,T016,Casual listener,Canada,907,131,11,6,17,35
2026-06-25,C012,T016,Casual listener,Mexico,1025,122,9,5,17,34
2026-06-25,C012,T016,Existing fan,US,5310,884,120,59,191,177
2026-06-25,C012,T016,Existing fan,Canada,658,104,13,7,22,18
2026-06-25,C012,T016,Existing fan,Mexico,777,141,17,10,28,28
2026-06-25,C012,T016,Lapsed listener,US,5039,700,60,34,119,185
2026-06-25,C012,T016,Lapsed listener,Canada,1852,237,20,12,40,58
2026-06-25,C012,T016,Lapsed listener,Mexico,903,115,10,5,17,26
2026-06-26,C012,T016,New listener,US,5311,572,35,20,59,164
2026-06-26,C012,T016,New listener,Canada,749,82,5,3,8,25
2026-06-26,C012,T016,New listener,Mexico,1374,149,10,5,13,40
2026-06-26,C012,T016,Casual listener,US,3131,404,38,21,55,116
2026-06-26,C012,T016,Casual listener,Canada,1184,158,13,7,20,39
2026-06-26,C012,T016,Casual listener,Mexico,426,58,4,2,8,14
2026-06-26,C012,T016,Existing fan,US,4625,795,104,54,164,152
2026-06-26,C012,T016,Existing fan,Canada,1334,203,27,14,41,37
2026-06-26,C012,T016,Existing fan,Mexico,1324,239,32,17,51,42
2026-06-26,C012,T016,Lapsed listener,US,4073,586,55,30,99,145
2026-06-26,C012,T016,Lapsed listener,Canada,555,70,6,3,10,19
2026-06-26,C012,T016,Lapsed listener,Mexico,1642,205,17,9,32,51
2026-06-27,C012,T016,New listener,US,4803,528,34,19,53,158
2026-06-27,C012,T016,New listener,Canada,1825,235,16,9,23,72
2026-06-27,C012,T016,New listener,Mexico,936,115,7,4,11,32
2026-06-27,C012,T016,Casual listener,US,2623,313,28,15,47,79
2026-06-27,C012,T016,Casual listener,Canada,1961,284,27,14,41,82
2026-06-27,C012,T016,Casual listener,Mexico,841,117,9,6,17,32
2026-06-27,C012,T016,Existing fan,US,4175,701,95,43,166,145
2026-06-27,C012,T016,Existing fan,Canada,832,127,15,7,27,22
2026-06-27,C012,T016,Existing fan,Mexico,861,152,20,10,31,29
2026-06-27,C012,T016,Lapsed listener,US,5158,757,72,38,133,208
2026-06-27,C012,T016,Lapsed listener,Canada,1579,239,20,12,37,64
2026-06-27,C012,T016,Lapsed listener,Mexico,667,83,7,4,14,20
2026-06-28,C012,T016,New listener,US,2547,279,18,11,28,84
2026-06-28,C012,T016,New listener,Canada,1080,118,8,5,12,36
2026-06-28,C012,T016,New listener,Mexico,841,98,7,3,9,28
2026-06-28,C012,T016,Casual listener,US,5515,732,59,34,115,210
2026-06-28,C012,T016,Casual listener,Canada,1760,236,21,11,34,56
2026-06-28,C012,T016,Casual listener,Mexico,510,76,7,4,10,18
2026-06-28,C012,T016,Existing fan,US,2179,353,49,23,77,72
2026-06-28,C012,T016,Existing fan,Canada,1842,337,47,22,80,64
2026-06-28,C012,T016,Existing fan,Mexico,492,86,10,5,18,16
2026-06-28,C012,T016,Lapsed listener,US,1988,302,26,13,49,72
2026-06-28,C012,T016,Lapsed listener,Canada,1432,182,17,8,27,49
2026-06-28,C012,T016,Lapsed listener,Mexico,1555,207,18,10,34,51
2026-06-29,C012,T016,New listener,US,4519,576,38,24,58,181
2026-06-29,C012,T016,New listener,Canada,554,63,4,2,5,20
2026-06-29,C012,T016,New listener,Mexico,531,68,4,2,6,21
2026-06-29,C012,T016,Casual listener,US,3014,373,31,20,55,99
2026-06-29,C012,T016,Casual listener,Canada,1227,173,14,9,24,48
2026-06-29,C012,T016,Casual listener,Mexico,1137,141,12,7,21,38
2026-06-29,C012,T016,Existing fan,US,3259,577,72,39,132,118
2026-06-29,C012,T016,Existing fan,Canada,1455,211,26,13,42,36
2026-06-29,C012,T016,Existing fan,Mexico,1456,229,28,14,54,44
2026-06-29,C012,T016,Lapsed listener,US,2979,453,41,22,68,113
2026-06-29,C012,T016,Lapsed listener,Canada,1799,282,27,13,44,73
2026-06-29,C012,T016,Lapsed listener,Mexico,804,116,11,5,17,28
2026-06-30,C012,T016,New listener,US,4836,577,40,22,58,155
2026-06-30,C012,T016,New listener,Canada,1118,121,9,4,12,39
2026-06-30,C012,T016,New listener,Mexico,822,96,6,3,10,31
2026-06-30,C012,T016,Casual listener,US,2639,373,30,17,55,106
2026-06-30,C012,T016,Casual listener,Canada,1214,150,12,8,20,39
2026-06-30,C012,T016,Casual listener,Mexico,1112,143,13,6,19,40
2026-06-30,C012,T016,Existing fan,US,3142,546,70,35,122,102
2026-06-30,C012,T016,Existing fan,Canada,496,88,11,5,20,16
2026-06-30,C012,T016,Existing fan,Mexico,469,76,10,5,18,13
2026-06-30,C012,T016,Lapsed listener,US,4758,611,54,30,104,156
2026-06-30,C012,T016,Lapsed listener,Canada,1689,240,24,10,38,64
2026-06-30,C012,T016,Lapsed listener,Mexico,626,79,6,3,12,21
2026-06-08,C013,T024,New listener,US,5368,636,42,26,61,215
2026-06-08,C013,T024,New listener,Canada,3248,349,23,13,35,112
2026-06-08,C013,T024,New listener,Mexico,2806,300,20,11,30,90
2026-06-08,C013,T024,Casual listener,US,6492,827,74,38,114,251
2026-06-08,C013,T024,Casual listener,Canada,1035,114,9,5,16,28
2026-06-08,C013,T024,Casual listener,Mexico,2425,330,26,17,48,83
2026-06-08,C013,T024,Existing fan,US,3884,518,58,34,98,110
2026-06-08,C013,T024,Existing fan,Canada,3212,506,62,32,104,95
2026-06-08,C013,T024,Existing fan,Mexico,1133,152,18,9,32,29
2026-06-08,C013,T024,Lapsed listener,US,2499,285,25,13,42,69
2026-06-08,C013,T024,Lapsed listener,Canada,3179,452,38,19,75,130
2026-06-08,C013,T024,Lapsed listener,Mexico,1677,229,21,10,34,60
2026-06-09,C013,T024,New listener,US,2948,309,19,10,30,104
2026-06-09,C013,T024,New listener,Canada,2141,230,14,9,20,77
2026-06-09,C013,T024,New listener,Mexico,2672,289,20,11,29,84
2026-06-09,C013,T024,Casual listener,US,8723,1141,86,50,166,308
2026-06-09,C013,T024,Casual listener,Canada,2527,335,29,17,42,91
2026-06-09,C013,T024,Casual listener,Mexico,1673,182,14,8,25,47
2026-06-09,C013,T024,Existing fan,US,2994,392,52,24,87,72
2026-06-09,C013,T024,Existing fan,Canada,1441,203,27,13,41,43
2026-06-09,C013,T024,Existing fan,Mexico,2327,330,37,20,62,59
2026-06-09,C013,T024,Lapsed listener,US,3315,391,36,16,58,112
2026-06-09,C013,T024,Lapsed listener,Canada,2952,406,34,20,64,117
2026-06-09,C013,T024,Lapsed listener,Mexico,670,91,8,3,13,24
2026-06-10,C013,T024,New listener,US,7075,772,50,29,68,219
2026-06-10,C013,T024,New listener,Canada,3160,354,25,13,35,99
2026-06-10,C013,T024,New listener,Mexico,1560,168,12,6,15,48
2026-06-10,C013,T024,Casual listener,US,7428,813,71,42,100,226
2026-06-10,C013,T024,Casual listener,Canada,1710,220,19,10,29,63
2026-06-10,C013,T024,Casual listener,Mexico,1946,258,21,12,34,76
2026-06-10,C013,T024,Existing fan,US,4298,618,72,40,124,114
2026-06-10,C013,T024,Existing fan,Canada,3075,478,55,29,94,101
2026-06-10,C013,T024,Existing fan,Mexico,1544,204,25,12,40,39
2026-06-10,C013,T024,Lapsed listener,US,7944,977,80,43,162,237
2026-06-10,C013,T024,Lapsed listener,Canada,1564,183,16,8,29,49
2026-06-10,C013,T024,Lapsed listener,Mexico,2306,308,28,15,43,80
2026-06-11,C013,T024,New listener,US,6858,800,49,29,77,260
2026-06-11,C013,T024,New listener,Canada,2697,272,16,10,25,87
2026-06-11,C013,T024,New listener,Mexico,845,101,6,3,9,33
2026-06-11,C013,T024,Casual listener,US,2954,369,30,16,45,98
2026-06-11,C013,T024,Casual listener,Canada,1514,163,13,8,21,47
2026-06-11,C013,T024,Casual listener,Mexico,2267,298,23,15,39,78
2026-06-11,C013,T024,Existing fan,US,5766,756,99,52,167,158
2026-06-11,C013,T024,Existing fan,Canada,2799,373,49,23,78,74
2026-06-11,C013,T024,Existing fan,Mexico,826,132,15,7,26,28
2026-06-11,C013,T024,Lapsed listener,US,6402,772,67,38,112,204
2026-06-11,C013,T024,Lapsed listener,Canada,2185,292,25,14,44,81
2026-06-11,C013,T024,Lapsed listener,Mexico,958,108,9,5,17,29
2026-06-12,C013,T024,New listener,US,4835,548,33,20,56,170
2026-06-12,C013,T024,New listener,Canada,1700,203,13,8,19,62
2026-06-12,C013,T024,New listener,Mexico,2456,271,18,11,26,85
2026-06-12,C013,T024,Casual listener,US,5578,760,61,37,95,209
2026-06-12,C013,T024,Casual listener,Canada,1773,233,20,10,30,68
2026-06-12,C013,T024,Casual listener,Mexico,2494,306,27,15,38,78
2026-06-12,C013,T024,Existing fan,US,4410,707,89,46,137,133
2026-06-12,C013,T024,Existing fan,Canada,2912,463,52,27,99,93
2026-06-12,C013,T024,Existing fan,Mexico,680,98,12,6,20,21
2026-06-12,C013,T024,Lapsed listener,US,7984,1111,107,54,173,275
2026-06-12,C013,T024,Lapsed listener,Canada,1274,148,14,6,21,42
2026-06-12,C013,T024,Lapsed listener,Mexico,636,72,6,3,10,17
2026-06-13,C013,T024,New listener,US,2347,257,17,10,24,84
2026-06-13,C013,T024,New listener,Canada,2488,287,17,10,28,83
2026-06-13,C013,T024,New listener,Mexico,1749,205,12,8,18,64
2026-06-13,C013,T024,Casual listener,US,5538,699,60,30,95,176
2026-06-13,C013,T024,Casual listener,Canada,2495,287,25,14,39,73
2026-06-13,C013,T024,Casual listener,Mexico,1537,178,15,8,25,52
2026-06-13,C013,T024,Existing fan,US,2402,314,40,22,65,65
2026-06-13,C013,T024,Existing fan,Canada,1370,179,23,11,36,37
2026-06-13,C013,T024,Existing fan,Mexico,1735,254,28,14,55,50
2026-06-13,C013,T024,Lapsed listener,US,6317,793,64,33,126,226
2026-06-13,C013,T024,Lapsed listener,Canada,1807,251,23,12,41,71
2026-06-13,C013,T024,Lapsed listener,Mexico,1436,161,14,7,24,45
2026-06-14,C013,T024,New listener,US,8258,855,57,29,82,258
2026-06-14,C013,T024,New listener,Canada,2700,314,20,12,28,90
2026-06-14,C013,T024,New listener,Mexico,2141,247,16,9,22,76
2026-06-14,C013,T024,Casual listener,US,2116,259,21,12,35,73
2026-06-14,C013,T024,Casual listener,Canada,1092,132,12,6,17,37
2026-06-14,C013,T024,Casual listener,Mexico,1633,176,15,8,23,52
2026-06-14,C013,T024,Existing fan,US,8023,1180,141,79,233,213
2026-06-14,C013,T024,Existing fan,Canada,978,132,17,8,26,28
2026-06-14,C013,T024,Existing fan,Mexico,2105,318,41,19,59,69
2026-06-14,C013,T024,Lapsed listener,US,7851,1090,102,56,170,312
2026-06-14,C013,T024,Lapsed listener,Canada,927,126,10,5,21,30
2026-06-14,C013,T024,Lapsed listener,Mexico,1999,253,23,12,36,63
2026-06-15,C013,T024,New listener,US,8100,821,49,31,81,262
2026-06-15,C013,T024,New listener,Canada,1149,119,7,4,12,36
2026-06-15,C013,T024,New listener,Mexico,1040,104,6,3,9,29
2026-06-15,C013,T024,Casual listener,US,2439,319,28,16,41,92
2026-06-15,C013,T024,Casual listener,Canada,1576,211,16,10,29,57
2026-06-15,C013,T024,Casual listener,Mexico,659,76,6,3,11,19
2026-06-15,C013,T024,Existing fan,US,5675,843,93,55,191,153
2026-06-15,C013,T024,Existing fan,Canada,2042,283,36,17,56,51
2026-06-15,C013,T024,Existing fan,Mexico,1024,141,16,9,29,26
2026-06-15,C013,T024,Lapsed listener,US,3568,502,45,25,83,126
2026-06-15,C013,T024,Lapsed listener,Canada,846,97,8,4,15,23
2026-06-15,C013,T024,Lapsed listener,Mexico,1284,172,14,7,26,44
2026-06-16,C013,T024,New listener,US,7242,875,60,32,81,247
2026-06-16,C013,T024,New listener,Canada,1814,220,14,8,18,63
2026-06-16,C013,T024,New listener,Mexico,1551,189,12,7,19,54
2026-06-16,C013,T024,Casual listener,US,2687,312,25,15,38,84
2026-06-16,C013,T024,Casual listener,Canada,2117,230,19,10,28,58
2026-06-16,C013,T024,Casual listener,Mexico,1714,213,18,9,28,63
2026-06-16,C013,T024,Existing fan,US,2692,436,54,27,94,90
2026-06-16,C013,T024,Existing fan,Canada,1392,222,25,14,46,45
2026-06-16,C013,T024,Existing fan,Mexico,2114,292,38,18,62,55
2026-06-16,C013,T024,Lapsed listener,US,6543,890,77,43,150,248
2026-06-16,C013,T024,Lapsed listener,Canada,2368,334,32,14,49,88
2026-06-16,C013,T024,Lapsed listener,Mexico,1107,155,14,6,22,37
2026-06-17,C013,T024,New listener,US,5170,604,40,22,58,171
2026-06-17,C013,T024,New listener,Canada,1577,161,11,6,14,47
2026-06-17,C013,T024,New listener,Mexico,1150,121,8,4,10,40
2026-06-17,C013,T024,Casual listener,US,7046,845,74,40,117,221
2026-06-17,C013,T024,Casual listener,Canada,1428,190,17,9,26,57
2026-06-17,C013,T024,Casual listener,Mexico,1356,177,14,9,26,53
2026-06-17,C013,T024,Existing fan,US,4650,675,76,39,136,133
2026-06-17,C013,T024,Existing fan,Canada,2062,338,43,21,69,65
2026-06-17,C013,T024,Existing fan,Mexico,712,102,12,6,19,21
2026-06-17,C013,T024,Lapsed listener,US,7513,854,82,43,127,204
2026-06-17,C013,T024,Lapsed listener,Canada,1619,218,20,10,36,52
2026-06-17,C013,T024,Lapsed listener,Mexico,721,103,9,4,15,27
2026-06-18,C013,T024,New listener,US,1893,189,13,7,17,57
2026-06-18,C013,T024,New listener,Canada,1147,115,6,4,10,33
2026-06-18,C013,T024,New listener,Mexico,1182,135,8,4,11,38
2026-06-18,C013,T024,Casual listener,US,2980,335,30,16,49,90
2026-06-18,C013,T024,Casual listener,Canada,772,83,7,4,11,20
2026-06-18,C013,T024,Casual listener,Mexico,1318,145,11,7,18,43
2026-06-18,C013,T024,Existing fan,US,7224,1012,127,66,191,193
2026-06-18,C013,T024,Existing fan,Canada,2151,289,35,17,55,58
2026-06-18,C013,T024,Existing fan,Mexico,609,99,12,6,20,17
2026-06-18,C013,T024,Lapsed listener,US,3875,515,48,21,87,129
2026-06-18,C013,T024,Lapsed listener,Canada,1271,181,16,7,29,48
2026-06-18,C013,T024,Lapsed listener,Mexico,487,58,4,2,8,13
2026-06-19,C013,T024,New listener,US,4242,416,27,16,42,141
2026-06-19,C013,T024,New listener,Canada,1604,192,12,6,18,57
2026-06-19,C013,T024,New listener,Mexico,1084,130,8,4,11,39
2026-06-19,C013,T024,Casual listener,US,1963,213,19,10,29,60
2026-06-19,C013,T024,Casual listener,Canada,1792,222,20,11,30,56
2026-06-19,C013,T024,Casual listener,Mexico,1448,185,15,8,26,48
2026-06-19,C013,T024,Existing fan,US,6009,893,113,53,201,168
2026-06-19,C013,T024,Existing fan,Canada,1163,175,20,11,39,34
2026-06-19,C013,T024,Existing fan,Mexico,1037,136,16,8,29,29
2026-06-19,C013,T024,Lapsed listener,US,4695,576,48,27,94,138
2026-06-19,C013,T024,Lapsed listener,Canada,1220,174,14,7,26,43
2026-06-19,C013,T024,Lapsed listener,Mexico,1633,210,17,8,30,60
2026-06-20,C013,T024,New listener,US,2926,299,18,10,25,83
2026-06-20,C013,T024,New listener,Canada,643,71,4,2,7,20
2026-06-20,C013,T024,New listener,Mexico,1053,101,6,3,10,31
2026-06-20,C013,T024,Casual listener,US,3749,403,36,17,53,110
2026-06-20,C013,T024,Casual listener,Canada,954,119,8,6,15,36
2026-06-20,C013,T024,Casual listener,Mexico,1576,184,16,8,26,51
2026-06-20,C013,T024,Existing fan,US,4456,719,94,42,153,146
2026-06-20,C013,T024,Existing fan,Canada,1815,257,30,15,57,50
2026-06-20,C013,T024,Existing fan,Mexico,892,142,18,8,28,28
2026-06-20,C013,T024,Lapsed listener,US,2295,276,26,13,44,67
2026-06-20,C013,T024,Lapsed listener,Canada,1879,218,20,10,31,60
2026-06-20,C013,T024,Lapsed listener,Mexico,466,55,4,2,7,15
2026-06-21,C013,T024,New listener,US,3022,297,21,11,25,93
2026-06-21,C013,T024,New listener,Canada,1950,225,15,8,20,73
2026-06-21,C013,T024,New listener,Mexico,1640,177,11,6,16,57
2026-06-21,C013,T024,Casual listener,US,4234,524,43,27,66,150
2026-06-21,C013,T024,Casual listener,Canada,1639,202,15,8,30,54
2026-06-21,C013,T024,Casual listener,Mexico,1002,121,10,6,17,30
2026-06-21,C013,T024,Existing fan,US,4768,727,83,50,151,135
2026-06-21,C013,T024,Existing fan,Canada,2009,282,37,17,53,51
2026-06-21,C013,T024,Existing fan,Mexico,1666,226,28,14,42,42
2026-06-21,C013,T024,Lapsed listener,US,3388,445,39,21,73,110
2026-06-21,C013,T024,Lapsed listener,Canada,982,112,9,5,18,30
2026-06-21,C013,T024,Lapsed listener,Mexico,752,106,10,5,14,30
2026-06-22,C013,T024,New listener,US,4499,502,34,19,48,163
2026-06-22,C013,T024,New listener,Canada,552,55,3,2,4,17
2026-06-22,C013,T024,New listener,Mexico,770,78,4,3,7,25
2026-06-22,C013,T024,Casual listener,US,2570,327,25,15,41,97
2026-06-22,C013,T024,Casual listener,Canada,883,107,8,5,14,29
2026-06-22,C013,T024,Casual listener,Mexico,431,54,4,2,7,14
2026-06-22,C013,T024,Existing fan,US,5162,759,90,52,145,152
2026-06-22,C013,T024,Existing fan,Canada,887,140,17,9,32,25
2026-06-22,C013,T024,Existing fan,Mexico,596,87,10,5,19,16
2026-06-22,C013,T024,Lapsed listener,US,5916,705,68,29,103,203
2026-06-22,C013,T024,Lapsed listener,Canada,2040,281,22,12,40,75
2026-06-22,C013,T024,Lapsed listener,Mexico,895,126,11,5,17,32
2026-06-23,C013,T024,New listener,US,4438,541,34,22,49,183
2026-06-23,C013,T024,New listener,Canada,611,65,4,2,5,20
2026-06-23,C013,T024,New listener,Mexico,1299,137,8,5,13,44
2026-06-23,C013,T024,Casual listener,US,3890,491,40,23,73,141
2026-06-23,C013,T024,Casual listener,Canada,2154,279,24,13,36,74
2026-06-23,C013,T024,Casual listener,Mexico,1774,209,17,9,26,53
2026-06-23,C013,T024,Existing fan,US,2417,323,43,19,71,66
2026-06-23,C013,T024,Existing fan,Canada,1440,236,29,14,51,43
2026-06-23,C013,T024,Existing fan,Mexico,1571,253,31,17,53,50
2026-06-23,C013,T024,Lapsed listener,US,6253,886,80,43,148,217
2026-06-23,C013,T024,Lapsed listener,Canada,1157,156,15,7,24,41
2026-06-23,C013,T024,Lapsed listener,Mexico,1269,153,12,6,22,37
2026-07-09,C014,T001,New listener,US,4751,845,74,38,89,190
2026-07-09,C014,T001,New listener,Canada,2484,373,28,19,44,83
2026-07-09,C014,T001,New listener,Mexico,1213,175,14,8,19,43
2026-07-09,C014,T001,Casual listener,US,2157,373,40,22,58,85
2026-07-09,C014,T001,Casual listener,Canada,2595,482,49,31,74,110
2026-07-09,C014,T001,Casual listener,Mexico,1291,242,27,15,37,50
2026-07-09,C014,T001,Existing fan,US,4324,927,141,83,214,143
2026-07-09,C014,T001,Existing fan,Canada,2703,628,92,54,150,107
2026-07-09,C014,T001,Existing fan,Mexico,886,173,25,13,42,29
2026-07-09,C014,T001,Lapsed listener,US,7726,1390,162,84,271,291
2026-07-09,C014,T001,Lapsed listener,Canada,1824,316,33,17,59,64
2026-07-09,C014,T001,Lapsed listener,Mexico,1615,295,34,16,56,58
2026-07-10,C014,T001,New listener,US,6278,1098,84,49,126,275
2026-07-10,C014,T001,New listener,Canada,1012,153,12,7,15,41
2026-07-10,C014,T001,New listener,Mexico,1237,206,16,9,24,55
2026-07-10,C014,T001,Casual listener,US,2955,502,49,29,83,100
2026-07-10,C014,T001,Casual listener,Canada,2515,439,46,26,64,104
2026-07-10,C014,T001,Casual listener,Mexico,555,87,9,5,13,19
2026-07-10,C014,T001,Existing fan,US,5322,1276,179,96,301,204
2026-07-10,C014,T001,Existing fan,Canada,924,221,33,17,50,37
2026-07-10,C014,T001,Existing fan,Mexico,1277,294,41,25,71,46
2026-07-10,C014,T001,Lapsed listener,US,4441,901,101,55,147,188
2026-07-10,C014,T001,Lapsed listener,Canada,1163,237,28,14,44,48
2026-07-10,C014,T001,Lapsed listener,Mexico,1449,296,34,16,52,61
2026-07-11,C014,T001,New listener,US,7246,1145,95,53,117,254
2026-07-11,C014,T001,New listener,Canada,1495,264,21,11,30,67
2026-07-11,C014,T001,New listener,Mexico,895,154,13,6,18,36
2026-07-11,C014,T001,Casual listener,US,6691,1240,116,68,182,292
2026-07-11,C014,T001,Casual listener,Canada,1170,220,20,12,34,51
2026-07-11,C014,T001,Casual listener,Mexico,1008,163,15,9,28,37
2026-07-11,C014,T001,Existing fan,US,2920,677,96,54,174,111
2026-07-11,C014,T001,Existing fan,Canada,2194,534,87,41,121,86
2026-07-11,C014,T001,Existing fan,Mexico,1425,326,49,26,85,46
2026-07-11,C014,T001,Lapsed listener,US,3521,672,75,39,114,130
2026-07-11,C014,T001,Lapsed listener,Canada,1803,375,39,24,69,73
2026-07-11,C014,T001,Lapsed listener,Mexico,1114,191,19,11,36,37
2026-07-12,C014,T001,New listener,US,3435,604,49,27,63,159
2026-07-12,C014,T001,New listener,Canada,1268,217,16,9,23,53
2026-07-12,C014,T001,New listener,Mexico,561,89,6,3,10,19
2026-07-12,C014,T001,Casual listener,US,3410,592,60,39,98,138
2026-07-12,C014,T001,Casual listener,Canada,1198,207,19,12,30,41
2026-07-12,C014,T001,Casual listener,Mexico,1898,316,35,19,51,65
2026-07-12,C014,T001,Existing fan,US,2510,607,91,52,151,104
2026-07-12,C014,T001,Existing fan,Canada,1393,305,43,24,69,47
2026-07-12,C014,T001,Existing fan,Mexico,1148,227,32,20,52,37
2026-07-12,C014,T001,Lapsed listener,US,3091,529,54,32,85,101
2026-07-12,C014,T001,Lapsed listener,Canada,2474,440,53,25,86,98
2026-07-12,C014,T001,Lapsed listener,Mexico,1930,331,38,21,60,64
2026-07-13,C014,T001,New listener,US,4774,749,58,38,83,203
2026-07-13,C014,T001,New listener,Canada,1192,185,13,8,21,46
2026-07-13,C014,T001,New listener,Mexico,1648,288,22,14,29,64
2026-07-13,C014,T001,Casual listener,US,5158,961,98,53,144,211
2026-07-13,C014,T001,Casual listener,Canada,1507,251,26,14,36,55
2026-07-13,C014,T001,Casual listener,Mexico,825,130,13,7,20,28
2026-07-13,C014,T001,Existing fan,US,2138,466,67,37,114,77
2026-07-13,C014,T001,Existing fan,Canada,1658,351,51,27,84,54
2026-07-13,C014,T001,Existing fan,Mexico,1082,239,38,21,59,36
2026-07-13,C014,T001,Lapsed listener,US,5437,1136,118,61,214,245
2026-07-13,C014,T001,Lapsed listener,Canada,1551,285,28,18,46,62
2026-07-13,C014,T001,Lapsed listener,Mexico,1931,404,45,23,72,89
2026-07-14,C014,T001,New listener,US,2092,334,24,14,34,81
2026-07-14,C014,T001,New listener,Canada,997,166,12,8,18,37
2026-07-14,C014,T001,New listener,Mexico,656,96,7,4,9,24
2026-07-14,C014,T001,Casual listener,US,5044,892,93,53,128,214
2026-07-14,C014,T001,Casual listener,Canada,1922,319,30,19,50,64
2026-07-14,C014,T001,Casual listener,Mexico,1890,376,36,22,58,87
2026-07-14,C014,T001,Existing fan,US,5533,1338,210,119,327,211
2026-07-14,C014,T001,Existing fan,Canada,2127,454,65,38,103,73
2026-07-14,C014,T001,Existing fan,Mexico,1817,433,68,34,97,63
2026-07-14,C014,T001,Lapsed listener,US,4861,874,89,56,162,193
2026-07-14,C014,T001,Lapsed listener,Canada,1514,262,26,14,43,50
2026-07-14,C014,T001,Lapsed listener,Mexico,497,99,10,5,19,20
2026-07-15,C014,T001,New listener,US,5315,915,70,39,90,209
2026-07-15,C014,T001,New listener,Canada,2104,335,25,16,38,82
2026-07-15,C014,T001,New listener,Mexico,1119,182,14,9,21,41
2026-07-15,C014,T001,Casual listener,US,3197,555,55,35,79,131
2026-07-15,C014,T001,Casual listener,Canada,610,96,9,5,14,19
2026-07-15,C014,T001,Casual listener,Mexico,1797,339,38,20,54,81
2026-07-15,C014,T001,Existing fan,US,5193,1017,165,84,240,163
2026-07-15,C014,T001,Existing fan,Canada,1592,323,45,27,79,53
2026-07-15,C014,T001,Existing fan,Mexico,843,177,24,14,42,29
2026-07-15,C014,T001,Lapsed listener,US,5070,905,109,57,166,205
2026-07-15,C014,T001,Lapsed listener,Canada,2100,425,49,25,74,85
2026-07-15,C014,T001,Lapsed listener,Mexico,1438,253,30,15,48,57
2026-07-16,C014,T001,New listener,US,3824,650,50,29,64,173
2026-07-16,C014,T001,New listener,Canada,832,130,11,6,14,30
2026-07-16,C014,T001,New listener,Mexico,994,151,12,6,17,40
2026-07-16,C014,T001,Casual listener,US,3596,567,61,36,93,116
2026-07-16,C014,T001,Casual listener,Canada,1115,177,17,10,28,38
2026-07-16,C014,T001,Casual listener,Mexico,904,180,19,11,30,39
2026-07-16,C014,T001,Existing fan,US,3642,717,101,64,191,119
2026-07-16,C014,T001,Existing fan,Canada,1719,341,53,25,82,49
2026-07-16,C014,T001,Existing fan,Mexico,1148,238,38,18,55,39
2026-07-16,C014,T001,Lapsed listener,US,4794,871,95,52,167,168
2026-07-16,C014,T001,Lapsed listener,Canada,1169,193,20,11,37,39
2026-07-16,C014,T001,Lapsed listener,Mexico,556,95,10,5,18,18
2026-07-17,C014,T001,New listener,US,4196,610,51,27,71,145
2026-07-17,C014,T001,New listener,Canada,1526,266,21,13,27,66
2026-07-17,C014,T001,New listener,Mexico,1427,254,20,12,29,67
2026-07-17,C014,T001,Casual listener,US,6172,1027,96,65,164,212
2026-07-17,C014,T001,Casual listener,Canada,1351,235,22,13,40,52
2026-07-17,C014,T001,Casual listener,Mexico,503,98,9,5,16,20
2026-07-17,C014,T001,Existing fan,US,2482,480,68,37,111,72
2026-07-17,C014,T001,Existing fan,Canada,1035,233,31,18,56,37
2026-07-17,C014,T001,Existing fan,Mexico,1499,345,53,29,88,55
2026-07-17,C014,T001,Lapsed listener,US,1643,273,31,17,50,59
2026-07-17,C014,T001,Lapsed listener,Canada,857,163,17,10,31,31
2026-07-17,C014,T001,Lapsed listener,Mexico,594,115,13,6,19,23
2026-07-18,C014,T001,New listener,US,2800,503,38,25,50,117
2026-07-18,C014,T001,New listener,Canada,1409,250,18,12,27,58
2026-07-18,C014,T001,New listener,Mexico,1211,187,14,8,21,50
2026-07-18,C014,T001,Casual listener,US,2583,427,40,28,69,89
2026-07-18,C014,T001,Casual listener,Canada,818,129,12,7,18,26
2026-07-18,C014,T001,Casual listener,Mexico,407,67,6,3,10,13
2026-07-18,C014,T001,Existing fan,US,2307,523,77,42,138,74
2026-07-18,C014,T001,Existing fan,Canada,1563,311,46,26,79,47
2026-07-18,C014,T001,Existing fan,Mexico,506,101,15,7,22,17
2026-07-18,C014,T001,Lapsed listener,US,3120,618,68,35,110,122
2026-07-18,C014,T001,Lapsed listener,Canada,1025,181,21,11,29,38
2026-07-18,C014,T001,Lapsed listener,Mexico,1354,227,27,13,42,52
2026-07-19,C014,T001,New listener,US,1457,211,17,11,23,48
2026-07-19,C014,T001,New listener,Canada,584,102,7,5,11,27
2026-07-19,C014,T001,New listener,Mexico,904,150,12,7,17,39
2026-07-19,C014,T001,Casual listener,US,4816,889,95,52,134,180
2026-07-19,C014,T001,Casual listener,Canada,1947,384,37,22,59,86
2026-07-19,C014,T001,Casual listener,Mexico,839,151,16,8,24,34
2026-07-19,C014,T001,Existing fan,US,3818,833,136,63,194,119
2026-07-19,C014,T001,Existing fan,Canada,1907,443,64,35,108,73
2026-07-19,C014,T001,Existing fan,Mexico,1411,324,45,25,74,48
2026-07-19,C014,T001,Lapsed listener,US,5526,1103,110,61,183,211
2026-07-19,C014,T001,Lapsed listener,Canada,571,97,10,5,16,19
2026-07-19,C014,T001,Lapsed listener,Mexico,1505,276,32,16,51,62
2026-07-20,C014,T001,New listener,US,1819,289,21,14,30,64
2026-07-20,C014,T001,New listener,Canada,983,161,12,7,17,37
2026-07-20,C014,T001,New listener,Mexico,1066,158,12,8,18,38
2026-07-20,C014,T001,Casual listener,US,2518,414,46,27,68,86
2026-07-20,C014,T001,Casual listener,Canada,1782,314,30,18,47,64
2026-07-20,C014,T001,Casual listener,Mexico,1107,182,19,11,27,43
2026-07-20,C014,T001,Existing fan,US,4004,945,134,72,240,155
2026-07-20,C014,T001,Existing fan,Canada,911,184,26,14,48,31
2026-07-20,C014,T001,Existing fan,Mexico,967,210,31,17,51,32
2026-07-20,C014,T001,Lapsed listener,US,3214,597,69,32,104,129
2026-07-20,C014,T001,Lapsed listener,Canada,1662,325,32,20,56,71
2026-07-20,C014,T001,Lapsed listener,Mexico,1251,234,26,15,41,50
2026-07-21,C014,T001,New listener,US,2692,397,34,19,42,93
2026-07-21,C014,T001,New listener,Canada,1483,262,21,13,26,62
2026-07-21,C014,T001,New listener,Mexico,647,91,6,4,10,20
2026-07-21,C014,T001,Casual listener,US,5407,880,93,54,151,180
2026-07-21,C014,T001,Casual listener,Canada,1094,177,17,11,30,38
2026-07-21,C014,T001,Casual listener,Mexico,432,70,6,4,11,15
2026-07-21,C014,T001,Existing fan,US,4249,868,135,75,217,128
2026-07-21,C014,T001,Existing fan,Canada,1119,253,41,18,59,38
2026-07-21,C014,T001,Existing fan,Mexico,850,190,26,16,44,28
2026-07-21,C014,T001,Lapsed listener,US,1991,348,38,22,56,73
2026-07-21,C014,T001,Lapsed listener,Canada,951,187,19,11,30,41
2026-07-21,C014,T001,Lapsed listener,Mexico,533,110,11,5,20,23
2026-07-22,C014,T001,New listener,US,1969,332,26,17,36,82
2026-07-22,C014,T001,New listener,Canada,1323,202,14,10,20,48
2026-07-22,C014,T001,New listener,Mexico,1378,223,17,11,25,58
2026-07-22,C014,T001,Casual listener,US,1225,194,19,11,30,46
2026-07-22,C014,T001,Casual listener,Canada,1415,261,26,16,41,60
2026-07-22,C014,T001,Casual listener,Mexico,1064,196,19,12,32,45
2026-07-22,C014,T001,Existing fan,US,2009,447,70,34,112,65
2026-07-22,C014,T001,Existing fan,Canada,733,167,24,12,37,24
2026-07-22,C014,T001,Existing fan,Mexico,911,207,28,15,47,30
2026-07-22,C014,T001,Lapsed listener,US,1969,349,38,20,67,77
2026-07-22,C014,T001,Lapsed listener,Canada,667,112,13,6,21,22
2026-07-22,C014,T001,Lapsed listener,Mexico,1477,283,31,17,51,61
2026-07-23,C014,T001,New listener,US,4503,758,56,36,75,201
2026-07-23,C014,T001,New listener,Canada,1330,209,17,10,23,47
2026-07-23,C014,T001,New listener,Mexico,960,170,14,8,17,41
2026-07-23,C014,T001,Casual listener,US,1805,283,29,16,41,59
2026-07-23,C014,T001,Casual listener,Canada,1565,306,31,16,47,69
2026-07-23,C014,T001,Casual listener,Mexico,1087,210,22,13,33,47
2026-07-23,C014,T001,Existing fan,US,1568,337,51,27,87,56
2026-07-23,C014,T001,Existing fan,Canada,938,221,31,18,57,37
2026-07-23,C014,T001,Existing fan,Mexico,1239,277,40,24,73,41
2026-07-23,C014,T001,Lapsed listener,US,4309,790,91,47,145,177
2026-07-23,C014,T001,Lapsed listener,Canada,1593,328,37,20,55,68
2026-07-23,C014,T001,Lapsed listener,Mexico,779,143,15,8,23,27
2026-06-30,C015,T014,New listener,US,5850,544,31,17,40,197
2026-06-30,C015,T014,New listener,Canada,1660,154,8,5,11,59
2026-06-30,C015,T014,New listener,Mexico,3120,295,16,9,22,109
2026-06-30,C015,T014,Casual listener,US,3510,341,25,14,35,98
2026-06-30,C015,T014,Casual listener,Canada,3254,349,22,15,42,111
2026-06-30,C015,T014,Casual listener,Mexico,2177,203,12,8,23,70
2026-06-30,C015,T014,Existing fan,US,5187,623,63,33,118,140
2026-06-30,C015,T014,Existing fan,Canada,4213,529,54,29,94,113
2026-06-30,C015,T014,Existing fan,Mexico,967,131,14,7,22,29
2026-06-30,C015,T014,Lapsed listener,US,10074,1061,82,45,132,341
2026-06-30,C015,T014,Lapsed listener,Canada,1890,189,13,8,24,61
2026-06-30,C015,T014,Lapsed listener,Mexico,1674,168,11,6,21,52
2026-07-01,C015,T014,New listener,US,10478,992,58,34,79,349
2026-07-01,C015,T014,New listener,Canada,3737,306,17,10,26,104
2026-07-01,C015,T014,New listener,Mexico,2903,264,14,8,18,99
2026-07-01,C015,T014,Casual listener,US,10694,1014,73,41,111,329
2026-07-01,C015,T014,Casual listener,Canada,4281,403,26,18,42,130
2026-07-01,C015,T014,Casual listener,Mexico,3213,346,22,14,37,109
2026-07-01,C015,T014,Existing fan,US,8790,991,105,57,173,249
2026-07-01,C015,T014,Existing fan,Canada,2702,349,35,19,58,84
2026-07-01,C015,T014,Existing fan,Mexico,1635,206,21,11,32,51
2026-07-01,C015,T014,Lapsed listener,US,5031,568,46,22,67,170
2026-07-01,C015,T014,Lapsed listener,Canada,3291,335,25,15,38,102
2026-07-01,C015,T014,Lapsed listener,Mexico,2121,223,15,9,30,60
2026-07-02,C015,T014,New listener,US,11654,1062,54,37,75,376
2026-07-02,C015,T014,New listener,Canada,3969,359,19,12,26,136
2026-07-02,C015,T014,New listener,Mexico,1305,118,6,4,8,45
2026-07-02,C015,T014,Casual listener,US,10161,1081,81,42,115,355
2026-07-02,C015,T014,Casual listener,Canada,3143,332,22,14,40,107
2026-07-02,C015,T014,Casual listener,Mexico,1744,153,11,6,16,49
2026-07-02,C015,T014,Existing fan,US,12069,1356,136,79,251,340
2026-07-02,C015,T014,Existing fan,Canada,3372,404,37,24,76,100
2026-07-02,C015,T014,Existing fan,Mexico,1360,166,15,10,30,34
2026-07-02,C015,T014,Lapsed listener,US,6242,640,51,24,77,209
2026-07-02,C015,T014,Lapsed listener,Canada,2665,308,21,13,43,90
2026-07-02,C015,T014,Lapsed listener,Mexico,2064,224,18,9,31,71
2026-07-03,C015,T014,New listener,US,8681,714,42,23,58,235
2026-07-03,C015,T014,New listener,Canada,2683,263,14,8,20,90
2026-07-03,C015,T014,New listener,Mexico,2654,253,12,9,18,81
2026-07-03,C015,T014,Casual listener,US,6526,605,43,26,67,174
2026-07-03,C015,T014,Casual listener,Canada,3612,342,25,14,37,114
2026-07-03,C015,T014,Casual listener,Mexico,2422,246,17,10,25,83
2026-07-03,C015,T014,Existing fan,US,6461,790,77,45,125,167
2026-07-03,C015,T014,Existing fan,Canada,2733,350,33,18,64,86
2026-07-03,C015,T014,Existing fan,Mexico,1044,111,10,5,18,23
2026-07-03,C015,T014,Lapsed listener,US,3909,450,35,17,61,126
2026-07-03,C015,T014,Lapsed listener,Canada,3423,357,26,14,47,112
2026-07-03,C015,T014,Lapsed listener,Mexico,2309,244,18,9,30,68
2026-07-04,C015,T014,New listener,US,7350,606,35,19,50,198
2026-07-04,C015,T014,New listener,Canada,1528,152,7,5,10,49
2026-07-04,C015,T014,New listener,Mexico,2187,215,11,7,16,78
2026-07-04,C015,T014,Casual listener,US,6645,653,43,27,77,213
2026-07-04,C015,T014,Casual listener,Canada,2762,292,19,13,34,99
2026-07-04,C015,T014,Casual listener,Mexico,2018,182,13,7,20,55
2026-07-04,C015,T014,Existing fan,US,11353,1365,132,84,242,283
2026-07-04,C015,T014,Existing fan,Canada,2121,256,26,14,41,55
2026-07-04,C015,T014,Existing fan,Mexico,1122,148,13,8,27,33
2026-07-04,C015,T014,Lapsed listener,US,11801,1375,100,52,175,417
2026-07-04,C015,T014,Lapsed listener,Canada,1833,205,15,8,24,62
2026-07-04,C015,T014,Lapsed listener,Mexico,1599,147,11,6,18,40
2026-07-05,C015,T014,New listener,US,5306,432,24,14,35,144
2026-07-05,C015,T014,New listener,Canada,2526,238,12,8,18,77
2026-07-05,C015,T014,New listener,Mexico,3046,296,15,10,21,100
2026-07-05,C015,T014,Casual listener,US,8216,816,59,34,90,241
2026-07-05,C015,T014,Casual listener,Canada,2872,291,18,12,31,90
2026-07-05,C015,T014,Casual listener,Mexico,3140,320,21,13,38,96
2026-07-05,C015,T014,Existing fan,US,7633,827,85,48,130,171
2026-07-05,C015,T014,Existing fan,Canada,1144,139,14,8,24,31
2026-07-05,C015,T014,Existing fan,Mexico,1699,222,23,12,35,46
2026-07-05,C015,T014,Lapsed listener,US,11314,1156,85,52,138,334
2026-07-05,C015,T014,Lapsed listener,Canada,2275,251,18,10,33,82
2026-07-05,C015,T014,Lapsed listener,Mexico,2611,278,20,11,38,89
2026-07-06,C015,T014,New listener,US,9477,813,46,26,63,315
2026-07-06,C015,T014,New listener,Canada,1407,136,6,4,10,49
2026-07-06,C015,T014,New listener,Mexico,2844,261,15,9,21,98
2026-07-06,C015,T014,Casual listener,US,6788,680,44,29,82,233
2026-07-06,C015,T014,Casual listener,Canada,3087,271,18,11,29,94
2026-07-06,C015,T014,Casual listener,Mexico,2016,215,15,9,22,68
2026-07-06,C015,T014,Existing fan,US,4826,589,58,34,93,140
2026-07-06,C015,T014,Existing fan,Canada,1018,114,11,6,21,24
2026-07-06,C015,T014,Existing fan,Mexico,1044,129,13,8,23,27
2026-07-06,C015,T014,Lapsed listener,US,7314,778,62,29,105,242
2026-07-06,C015,T014,Lapsed listener,Canada,3617,389,26,15,49,106
2026-07-06,C015,T014,Lapsed listener,Mexico,1965,187,14,8,24,53
2026-07-07,C015,T014,New listener,US,7581,612,35,20,47,228
2026-07-07,C015,T014,New listener,Canada,2998,298,14,10,22,98
2026-07-07,C015,T014,New listener,Mexico,2202,174,9,5,12,62
2026-07-07,C015,T014,Casual listener,US,2634,246,18,9,28,77
2026-07-07,C015,T014,Casual listener,Canada,1470,151,10,6,17,43
2026-07-07,C015,T014,Casual listener,Mexico,922,95,6,4,9,30
2026-07-07,C015,T014,Existing fan,US,4167,450,44,28,75,107
2026-07-07,C015,T014,Existing fan,Canada,1804,213,23,13,39,49
2026-07-07,C015,T014,Existing fan,Mexico,1481,174,17,10,27,41
2026-07-07,C015,T014,Lapsed listener,US,9433,1037,75,41,129,331
2026-07-07,C015,T014,Lapsed listener,Canada,1126,123,9,5,17,40
2026-07-07,C015,T014,Lapsed listener,Mexico,2338,220,16,8,29,60
2026-07-08,C015,T014,New listener,US,6818,663,38,21,51,221
2026-07-08,C015,T014,New listener,Canada,2374,227,11,7,16,88
2026-07-08,C015,T014,New listener,Mexico,832,77,4,2,5,25
2026-07-08,C015,T014,Casual listener,US,2783,300,21,12,35,92
2026-07-08,C015,T014,Casual listener,Canada,841,80,5,3,8,26
2026-07-08,C015,T014,Casual listener,Mexico,1621,144,10,6,14,42
2026-07-08,C015,T014,Existing fan,US,8500,1145,112,71,192,281
2026-07-08,C015,T014,Existing fan,Canada,2163,256,24,16,48,53
2026-07-08,C015,T014,Existing fan,Mexico,2743,336,31,21,52,71
2026-07-08,C015,T014,Lapsed listener,US,7945,772,52,34,106,221
2026-07-08,C015,T014,Lapsed listener,Canada,1981,215,15,9,28,66
2026-07-08,C015,T014,Lapsed listener,Mexico,1455,167,12,7,19,50
2026-07-09,C015,T014,New listener,US,5655,530,30,18,42,206
2026-07-09,C015,T014,New listener,Canada,809,73,3,2,6,28
2026-07-09,C015,T014,New listener,Mexico,2473,219,11,7,18,71
2026-07-09,C015,T014,Casual listener,US,5362,576,42,24,70,169
2026-07-09,C015,T014,Casual listener,Canada,2924,264,17,10,30,82
2026-07-09,C015,T014,Casual listener,Mexico,2629,290,22,13,34,98
2026-07-09,C015,T014,Existing fan,US,5794,750,80,39,125,161
2026-07-09,C015,T014,Existing fan,Canada,2980,384,42,22,62,87
2026-07-09,C015,T014,Existing fan,Mexico,1937,261,25,14,44,62
2026-07-09,C015,T014,Lapsed listener,US,8073,745,52,29,86,202
2026-07-09,C015,T014,Lapsed listener,Canada,1283,148,10,6,19,43
2026-07-09,C015,T014,Lapsed listener,Mexico,736,71,4,2,8,20
2026-07-10,C015,T014,New listener,US,2751,271,13,9,22,91
2026-07-10,C015,T014,New listener,Canada,1126,103,5,3,7,33
2026-07-10,C015,T014,New listener,Mexico,1601,128,6,4,10,48
2026-07-10,C015,T014,Casual listener,US,5628,506,33,20,63,152
2026-07-10,C015,T014,Casual listener,Canada,3085,317,20,13,36,92
2026-07-10,C015,T014,Casual listener,Mexico,1133,103,6,4,10,34
2026-07-10,C015,T014,Existing fan,US,9163,1105,118,70,206,256
2026-07-10,C015,T014,Existing fan,Canada,1629,182,18,11,33,44
2026-07-10,C015,T014,Existing fan,Mexico,1275,146,14,9,26,31
2026-07-10,C015,T014,Lapsed listener,US,7446,703,52,30,81,203
2026-07-10,C015,T014,Lapsed listener,Canada,2979,306,23,12,39,85
2026-07-10,C015,T014,Lapsed listener,Mexico,2016,208,15,7,29,66
2026-07-11,C015,T014,New listener,US,2574,235,13,7,19,82
2026-07-11,C015,T014,New listener,Canada,1298,104,5,3,8,33
2026-07-11,C015,T014,New listener,Mexico,1751,155,8,4,11,52
2026-07-11,C015,T014,Casual listener,US,6190,683,48,26,82,204
2026-07-11,C015,T014,Casual listener,Canada,2625,235,17,9,26,69
2026-07-11,C015,T014,Casual listener,Mexico,980,90,6,3,10,28
2026-07-11,C015,T014,Existing fan,US,3099,390,39,21,61,94
2026-07-11,C015,T014,Existing fan,Canada,2034,268,28,14,45,56
2026-07-11,C015,T014,Existing fan,Mexico,2278,250,23,15,47,56
2026-07-11,C015,T014,Lapsed listener,US,2268,234,16,9,32,65
2026-07-11,C015,T014,Lapsed listener,Canada,1664,184,13,8,25,52
2026-07-11,C015,T014,Lapsed listener,Mexico,1098,103,7,4,12,33
2026-07-12,C015,T014,New listener,US,5261,500,25,17,42,186
2026-07-12,C015,T014,New listener,Canada,3027,256,14,8,21,98
2026-07-12,C015,T014,New listener,Mexico,1818,167,8,5,13,57
2026-07-12,C015,T014,Casual listener,US,3223,299,19,12,34,96
2026-07-12,C015,T014,Casual listener,Canada,1908,199,12,9,20,68
2026-07-12,C015,T014,Casual listener,Mexico,1763,179,12,7,18,52
2026-07-12,C015,T014,Existing fan,US,3409,395,43,23,73,84
2026-07-12,C015,T014,Existing fan,Canada,2421,296,29,18,49,69
2026-07-12,C015,T014,Existing fan,Mexico,2338,310,30,18,57,76
2026-07-12,C015,T014,Lapsed listener,US,8095,881,60,36,124,287
2026-07-12,C015,T014,Lapsed listener,Canada,2699,283,20,11,36,80
2026-07-12,C015,T014,Lapsed listener,Mexico,2408,280,22,10,32,80
2026-07-13,C015,T014,New listener,US,8455,690,37,21,52,257
2026-07-13,C015,T014,New listener,Canada,2728,269,15,9,19,97
2026-07-13,C015,T014,New listener,Mexico,981,94,5,3,7,31
2026-07-13,C015,T014,Casual listener,US,6989,657,49,25,69,197
2026-07-13,C015,T014,Casual listener,Canada,2723,265,17,10,31,75
2026-07-13,C015,T014,Casual listener,Mexico,785,87,5,3,10,28
2026-07-13,C015,T014,Existing fan,US,2227,261,25,16,47,53
2026-07-13,C015,T014,Existing fan,Canada,780,83,8,4,13,19
2026-07-13,C015,T014,Existing fan,Mexico,1850,222,23,13,34,50
2026-07-13,C015,T014,Lapsed listener,US,8466,990,67,38,134,270
2026-07-13,C015,T014,Lapsed listener,Canada,1055,107,8,4,14,29
2026-07-13,C015,T014,Lapsed listener,Mexico,2138,207,15,9,27,68
2026-07-14,C015,T014,New listener,US,8315,785,44,27,59,281
2026-07-14,C015,T014,New listener,Canada,1933,164,9,6,13,62
2026-07-14,C015,T014,New listener,Mexico,2237,196,11,6,13,63
2026-07-14,C015,T014,Casual listener,US,8529,913,69,39,107,275
2026-07-14,C015,T014,Casual listener,Canada,1122,122,8,4,13,42
2026-07-14,C015,T014,Casual listener,Mexico,2163,235,15,10,26,72
2026-07-14,C015,T014,Existing fan,US,4836,563,53,33,103,119
2026-07-14,C015,T014,Existing fan,Canada,748,84,8,5,13,18
2026-07-14,C015,T014,Existing fan,Mexico,1552,200,19,11,34,44
2026-07-14,C015,T014,Lapsed listener,US,8288,888,62,38,118,287
2026-07-14,C015,T014,Lapsed listener,Canada,2287,235,18,9,30,67
2026-07-14,C015,T014,Lapsed listener,Mexico,609,68,5,2,8,20
2026-07-15,C015,T014,New listener,US,3406,316,17,10,25,122
2026-07-15,C015,T014,New listener,Canada,1199,119,6,3,9,45
2026-07-15,C015,T014,New listener,Mexico,2021,170,8,5,12,65
2026-07-15,C015,T014,Casual listener,US,3990,388,25,18,42,122
2026-07-15,C015,T014,Casual listener,Canada,691,65,4,2,7,22
2026-07-15,C015,T014,Casual listener,Mexico,2184,227,14,9,25,65
2026-07-15,C015,T014,Existing fan,US,3820,495,55,27,77,116
2026-07-15,C015,T014,Existing fan,Canada,2096,230,21,13,37,47
2026-07-15,C015,T014,Existing fan,Mexico,1812,215,19,11,35,45
2026-07-15,C015,T014,Lapsed listener,US,2863,265,20,11,31,87
2026-07-15,C015,T014,Lapsed listener,Canada,1120,118,9,5,13,32
2026-07-15,C015,T014,Lapsed listener,Mexico,631,68,4,2,8,20
2026-07-16,C015,T014,New listener,US,6318,557,29,20,45,207
2026-07-16,C015,T014,New listener,Canada,1549,132,7,4,9,43
2026-07-16,C015,T014,New listener,Mexico,945,94,5,3,7,32
2026-07-16,C015,T014,Casual listener,US,2148,193,12,7,21,64
2026-07-16,C015,T014,Casual listener,Canada,1361,150,10,6,16,46
2026-07-16,C015,T014,Casual listener,Mexico,1747,156,11,6,16,47
2026-07-16,C015,T014,Existing fan,US,2935,377,35,21,71,84
2026-07-16,C015,T014,Existing fan,Canada,655,79,8,4,13,17
2026-07-16,C015,T014,Existing fan,Mexico,1684,226,24,12,35,56
2026-07-16,C015,T014,Lapsed listener,US,6447,735,53,31,94,237
2026-07-16,C015,T014,Lapsed listener,Canada,1671,173,13,7,22,53
2026-07-16,C015,T014,Lapsed listener,Mexico,1573,145,10,6,19,42
2026-07-17,C015,T014,New listener,US,7506,669,34,21,49,255
2026-07-17,C015,T014,New listener,Canada,1338,114,5,3,9,39
2026-07-17,C015,T014,New listener,Mexico,941,93,4,3,7,35
2026-07-17,C015,T014,Casual listener,US,7896,830,56,34,95,246
2026-07-17,C015,T014,Casual listener,Canada,1986,205,13,8,24,68
2026-07-17,C015,T014,Casual listener,Mexico,797,82,5,3,9,23
2026-07-17,C015,T014,Existing fan,US,3306,397,36,23,65,85
2026-07-17,C015,T014,Existing fan,Canada,2624,340,34,21,62,81
2026-07-17,C015,T014,Existing fan,Mexico,1996,243,25,13,38,54
2026-07-17,C015,T014,Lapsed listener,US,4439,504,33,22,68,167
2026-07-17,C015,T014,Lapsed listener,Canada,1243,117,9,4,14,37
2026-07-17,C015,T014,Lapsed listener,Mexico,744,83,5,3,9,24
2026-07-18,C015,T014,New listener,US,4816,442,26,14,36,149
2026-07-18,C015,T014,New listener,Canada,1078,87,4,3,6,33
2026-07-18,C015,T014,New listener,Mexico,1052,86,5,2,6,30
2026-07-18,C015,T014,Casual listener,US,7557,774,58,30,80,234
2026-07-18,C015,T014,Casual listener,Canada,650,60,4,2,6,17
2026-07-18,C015,T014,Casual listener,Mexico,1854,195,13,8,22,60
2026-07-18,C015,T014,Existing fan,US,2807,372,39,23,60,93
2026-07-18,C015,T014,Existing fan,Canada,1782,225,23,13,35,51
2026-07-18,C015,T014,Existing fan,Mexico,768,95,9,6,16,21
2026-07-18,C015,T014,Lapsed listener,US,5339,614,46,23,86,179
2026-07-18,C015,T014,Lapsed listener,Canada,1726,181,13,6,25,55
2026-07-18,C015,T014,Lapsed listener,Mexico,1710,179,11,6,22,56
2026-07-19,C015,T014,New listener,US,3886,345,20,10,24,127
2026-07-19,C015,T014,New listener,Canada,948,90,4,3,6,30
2026-07-19,C015,T014,New listener,Mexico,2068,202,11,7,14,71
2026-07-19,C015,T014,Casual listener,US,2880,289,20,13,29,98
2026-07-19,C015,T014,Casual listener,Canada,2394,259,19,10,31,83
2026-07-19,C015,T014,Casual listener,Mexico,1943,187,12,8,21,53
2026-07-19,C015,T014,Existing fan,US,4172,527,51,32,84,129
2026-07-19,C015,T014,Existing fan,Canada,1190,132,14,7,20,33
2026-07-19,C015,T014,Existing fan,Mexico,2085,263,26,14,45,58
2026-07-19,C015,T014,Lapsed listener,US,6213,574,45,25,71,171
2026-07-19,C015,T014,Lapsed listener,Canada,971,95,7,4,11,30
2026-07-19,C015,T014,Lapsed listener,Mexico,863,81,5,3,10,23
2026-07-20,C015,T014,New listener,US,3029,264,12,9,19,91
2026-07-20,C015,T014,New listener,Canada,2214,211,12,6,17,78
2026-07-20,C015,T014,New listener,Mexico,763,70,4,2,5,26
2026-07-20,C015,T014,Casual listener,US,6335,564,35,23,58,176
2026-07-20,C015,T014,Casual listener,Canada,808,86,5,3,9,26
2026-07-20,C015,T014,Casual listener,Mexico,657,63,4,2,7,21
2026-07-20,C015,T014,Existing fan,US,4374,518,55,28,96,121
2026-07-20,C015,T014,Existing fan,Canada,1610,182,18,9,30,44
2026-07-20,C015,T014,Existing fan,Mexico,1186,158,15,9,25,36
2026-07-20,C015,T014,Lapsed listener,US,7091,792,62,30,101,241
2026-07-20,C015,T014,Lapsed listener,Canada,1581,174,13,6,22,48
2026-07-20,C015,T014,Lapsed listener,Mexico,1633,187,13,7,22,54
2026-07-21,C015,T014,New listener,US,6704,600,30,19,43,228
2026-07-21,C015,T014,New listener,Canada,698,66,3,2,4,22
2026-07-21,C015,T014,New listener,Mexico,847,72,3,2,6,24
2026-07-21,C015,T014,Casual listener,US,4163,406,28,16,44,127
2026-07-21,C015,T014,Casual listener,Canada,642,63,3,2,6,19
2026-07-21,C015,T014,Casual listener,Mexico,1124,118,8,5,14,37
2026-07-21,C015,T014,Existing fan,US,2195,248,25,13,40,51
2026-07-21,C015,T014,Existing fan,Canada,1127,149,14,7,24,36
2026-07-21,C015,T014,Existing fan,Mexico,1615,204,20,11,33,44
2026-07-21,C015,T014,Lapsed listener,US,5190,566,41,22,71,172
2026-07-21,C015,T014,Lapsed listener,Canada,1476,172,12,7,20,51
2026-07-21,C015,T014,Lapsed listener,Mexico,1410,153,10,7,21,48
2026-07-14,C016,T005,New listener,US,6833,544,31,19,44,201
2026-07-14,C016,T005,New listener,Canada,2411,211,11,7,18,80
2026-07-14,C016,T005,New listener,Mexico,2900,221,13,7,19,79
2026-07-14,C016,T005,Casual listener,US,9259,985,73,38,106,302
2026-07-14,C016,T005,Casual listener,Canada,2467,250,17,10,26,79
2026-07-14,C016,T005,Casual listener,Mexico,2888,292,21,12,36,101
2026-07-14,C016,T005,Existing fan,US,6689,794,84,48,152,175
2026-07-14,C016,T005,Existing fan,Canada,2249,255,24,14,47,57
2026-07-14,C016,T005,Existing fan,Mexico,1916,214,21,12,39,52
2026-07-14,C016,T005,Lapsed listener,US,5561,599,46,22,75,170
2026-07-14,C016,T005,Lapsed listener,Canada,2609,276,19,11,34,86
2026-07-14,C016,T005,Lapsed listener,Mexico,1315,145,10,5,20,46
2026-07-15,C016,T005,New listener,US,7010,622,35,20,55,204
2026-07-15,C016,T005,New listener,Canada,1494,114,6,3,9,37
2026-07-15,C016,T005,New listener,Mexico,1598,147,8,4,10,48
2026-07-15,C016,T005,Casual listener,US,3626,372,29,14,44,125
2026-07-15,C016,T005,Casual listener,Canada,1592,134,9,5,17,43
2026-07-15,C016,T005,Casual listener,Mexico,2595,218,17,9,24,67
2026-07-15,C016,T005,Existing fan,US,8584,1075,104,61,210,243
2026-07-15,C016,T005,Existing fan,Canada,870,111,12,5,21,25
2026-07-15,C016,T005,Existing fan,Mexico,787,99,10,6,17,21
2026-07-15,C016,T005,Lapsed listener,US,4653,455,35,17,58,139
2026-07-15,C016,T005,Lapsed listener,Canada,1273,138,10,5,19,41
2026-07-15,C016,T005,Lapsed listener,Mexico,1504,165,11,6,22,52
2026-07-16,C016,T005,New listener,US,6208,500,26,16,42,189
2026-07-16,C016,T005,New listener,Canada,3044,249,14,7,20,82
2026-07-16,C016,T005,New listener,Mexico,1166,111,6,3,8,42
2026-07-16,C016,T005,Casual listener,US,3676,376,25,16,42,126
2026-07-16,C016,T005,Casual listener,Canada,2543,216,16,9,25,70
2026-07-16,C016,T005,Casual listener,Mexico,1213,114,7,4,13,34
2026-07-16,C016,T005,Existing fan,US,8213,899,100,51,148,215
2026-07-16,C016,T005,Existing fan,Canada,2860,360,37,21,64,82
2026-07-16,C016,T005,Existing fan,Mexico,1869,230,26,11,38,47
2026-07-16,C016,T005,Lapsed listener,US,3498,354,29,13,43,100
2026-07-16,C016,T005,Lapsed listener,Canada,1083,118,9,5,17,33
2026-07-16,C016,T005,Lapsed listener,Mexico,737,69,5,3,9,19
2026-07-17,C016,T005,New listener,US,4012,331,17,10,24,110
2026-07-17,C016,T005,New listener,Canada,2168,166,8,5,14,57
2026-07-17,C016,T005,New listener,Mexico,801,62,3,1,4,21
2026-07-17,C016,T005,Casual listener,US,2554,227,16,9,27,73
2026-07-17,C016,T005,Casual listener,Canada,1569,153,11,6,19,46
2026-07-17,C016,T005,Casual listener,Mexico,1418,131,8,5,14,41
2026-07-17,C016,T005,Existing fan,US,6253,737,82,45,127,156
2026-07-17,C016,T005,Existing fan,Canada,1815,223,21,13,37,53
2026-07-17,C016,T005,Existing fan,Mexico,2582,291,33,16,54,72
2026-07-17,C016,T005,Lapsed listener,US,3551,324,27,12,39,97
2026-07-17,C016,T005,Lapsed listener,Canada,3093,299,21,13,39,92
2026-07-17,C016,T005,Lapsed listener,Mexico,1491,153,12,6,19,50
2026-07-18,C016,T005,New listener,US,3203,279,14,9,23,91
2026-07-18,C016,T005,New listener,Canada,2153,172,9,6,15,58
2026-07-18,C016,T005,New listener,Mexico,1601,125,7,4,10,43
2026-07-18,C016,T005,Casual listener,US,3706,369,28,15,43,123
2026-07-18,C016,T005,Casual listener,Canada,812,68,5,2,8,23
2026-07-18,C016,T005,Casual listener,Mexico,1591,164,11,6,20,47
2026-07-18,C016,T005,Existing fan,US,4713,594,61,32,103,142
2026-07-18,C016,T005,Existing fan,Canada,1251,131,14,7,24,27
2026-07-18,C016,T005,Existing fan,Mexico,1994,230,25,13,39,53
2026-07-18,C016,T005,Lapsed listener,US,3534,342,27,15,42,94
2026-07-18,C016,T005,Lapsed listener,Canada,2823,264,21,11,36,82
2026-07-18,C016,T005,Lapsed listener,Mexico,2308,246,19,10,36,71
2026-07-19,C016,T005,New listener,US,8002,682,35,22,54,246
2026-07-19,C016,T005,New listener,Canada,1469,137,8,4,12,48
2026-07-19,C016,T005,New listener,Mexico,859,71,4,2,5,26
2026-07-19,C016,T005,Casual listener,US,5213,550,38,24,63,175
2026-07-19,C016,T005,Casual listener,Canada,2033,204,14,9,24,71
2026-07-19,C016,T005,Casual listener,Mexico,1554,154,11,6,17,45
2026-07-19,C016,T005,Existing fan,US,7617,834,88,48,160,185
2026-07-19,C016,T005,Existing fan,Canada,1498,188,20,10,33,45
2026-07-19,C016,T005,Existing fan,Mexico,1774,189,18,9,33,45
2026-07-19,C016,T005,Lapsed listener,US,7897,728,59,30,100,205
2026-07-19,C016,T005,Lapsed listener,Canada,1810,178,13,6,25,57
2026-07-19,C016,T005,Lapsed listener,Mexico,604,54,4,2,6,15
2026-07-20,C016,T005,New listener,US,5016,436,23,12,32,161
2026-07-20,C016,T005,New listener,Canada,2177,181,11,5,13,63
2026-07-20,C016,T005,New listener,Mexico,1329,125,7,4,9,45
2026-07-20,C016,T005,Casual listener,US,6540,576,38,25,70,165
2026-07-20,C016,T005,Casual listener,Canada,1503,146,9,6,17,44
2026-07-20,C016,T005,Casual listener,Mexico,1145,109,7,4,13,31
2026-07-20,C016,T005,Existing fan,US,8262,895,102,52,160,185
2026-07-20,C016,T005,Existing fan,Canada,2580,273,29,13,48,61
2026-07-20,C016,T005,Existing fan,Mexico,1794,224,21,13,43,50
2026-07-20,C016,T005,Lapsed listener,US,4281,449,36,17,54,130
2026-07-20,C016,T005,Lapsed listener,Canada,2342,215,15,8,30,67
2026-07-20,C016,T005,Lapsed listener,Mexico,1212,126,9,5,15,37
2026-07-21,C016,T005,New listener,US,2016,178,10,5,15,69
2026-07-21,C016,T005,New listener,Canada,1693,132,7,4,10,50
2026-07-21,C016,T005,New listener,Mexico,1359,105,6,3,8,38
2026-07-21,C016,T005,Casual listener,US,5894,563,40,23,72,162
2026-07-21,C016,T005,Casual listener,Canada,1373,139,10,5,18,47
2026-07-21,C016,T005,Casual listener,Mexico,1766,180,13,8,19,57
2026-07-21,C016,T005,Existing fan,US,2091,271,30,15,50,58
2026-07-21,C016,T005,Existing fan,Canada,1693,205,19,10,37,46
2026-07-21,C016,T005,Existing fan,Mexico,1299,160,15,9,27,35
2026-07-21,C016,T005,Lapsed listener,US,5347,572,44,22,73,175
2026-07-21,C016,T005,Lapsed listener,Canada,679,62,5,2,8,17
2026-07-21,C016,T005,Lapsed listener,Mexico,923,90,7,3,12,25
2026-07-22,C016,T005,New listener,US,6160,557,30,18,49,178
2026-07-22,C016,T005,New listener,Canada,1772,141,8,4,11,52
2026-07-22,C016,T005,New listener,Mexico,1260,99,5,3,7,35
2026-07-22,C016,T005,Casual listener,US,1988,204,13,9,24,59
2026-07-22,C016,T005,Casual listener,Canada,2072,175,12,7,20,51
2026-07-22,C016,T005,Casual listener,Mexico,1132,106,8,4,12,33
2026-07-22,C016,T005,Existing fan,US,5783,707,69,41,137,176
2026-07-22,C016,T005,Existing fan,Canada,1814,229,23,12,41,54
2026-07-22,C016,T005,Existing fan,Mexico,1595,196,20,11,38,47
2026-07-22,C016,T005,Lapsed listener,US,5499,570,47,21,74,172
2026-07-22,C016,T005,Lapsed listener,Canada,2688,273,23,10,36,85
2026-07-22,C016,T005,Lapsed listener,Mexico,2124,229,16,9,29,71
2026-07-23,C016,T005,New listener,US,7204,599,32,18,48,229
2026-07-23,C016,T005,New listener,Canada,711,58,3,1,4,22
2026-07-23,C016,T005,New listener,Mexico,2098,180,9,5,15,66
2026-07-23,C016,T005,Casual listener,US,1985,203,14,8,26,65
2026-07-23,C016,T005,Casual listener,Canada,1047,92,6,3,11,31
2026-07-23,C016,T005,Casual listener,Mexico,1256,127,9,5,14,41
2026-07-23,C016,T005,Existing fan,US,5935,660,70,35,122,161
2026-07-23,C016,T005,Existing fan,Canada,1874,215,21,11,37,52
2026-07-23,C016,T005,Existing fan,Mexico,1890,229,26,12,41,51
2026-07-23,C016,T005,Lapsed listener,US,4814,515,41,22,74,159
2026-07-23,C016,T005,Lapsed listener,Canada,2478,226,18,9,27,70
2026-07-23,C016,T005,Lapsed listener,Mexico,2014,197,15,7,28,61
2026-07-24,C016,T005,New listener,US,5862,445,24,13,33,144
2026-07-24,C016,T005,New listener,Canada,1101,96,5,3,7,32
2026-07-24,C016,T005,New listener,Mexico,2001,174,10,5,14,64
2026-07-24,C016,T005,Casual listener,US,7021,718,56,29,86,224
2026-07-24,C016,T005,Casual listener,Canada,1611,170,13,7,19,49
2026-07-24,C016,T005,Casual listener,Mexico,495,47,3,1,5,14
2026-07-24,C016,T005,Existing fan,US,4449,473,47,27,86,118
2026-07-24,C016,T005,Existing fan,Canada,1329,171,16,10,34,37
2026-07-24,C016,T005,Existing fan,Mexico,2057,249,24,13,45,62
2026-07-24,C016,T005,Lapsed listener,US,5926,524,39,20,72,168
2026-07-24,C016,T005,Lapsed listener,Canada,1981,183,13,8,24,60
2026-07-24,C016,T005,Lapsed listener,Mexico,1192,111,9,4,14,35
2026-07-25,C016,T005,New listener,US,2154,193,11,6,16,62
2026-07-25,C016,T005,New listener,Canada,2227,172,9,6,12,62
2026-07-25,C016,T005,New listener,Mexico,1154,102,6,3,8,36
2026-07-25,C016,T005,Casual listener,US,2132,183,13,7,22,63
2026-07-25,C016,T005,Casual listener,Canada,1002,104,7,3,11,35
2026-07-25,C016,T005,Casual listener,Mexico,583,50,3,2,5,16
2026-07-25,C016,T005,Existing fan,US,2047,234,22,11,43,48
2026-07-25,C016,T005,Existing fan,Canada,767,88,9,4,16,19
2026-07-25,C016,T005,Existing fan,Mexico,907,109,12,6,21,24
2026-07-25,C016,T005,Lapsed listener,US,1935,200,14,7,26,61
2026-07-25,C016,T005,Lapsed listener,Canada,1611,178,12,7,24,49
2026-07-25,C016,T005,Lapsed listener,Mexico,1530,154,11,6,19,47
2026-07-26,C016,T005,New listener,US,4998,464,24,15,37,149
2026-07-26,C016,T005,New listener,Canada,646,55,3,1,4,17
2026-07-26,C016,T005,New listener,Mexico,883,84,4,2,7,28
2026-07-26,C016,T005,Casual listener,US,3532,322,23,13,35,97
2026-07-26,C016,T005,Casual listener,Canada,2109,209,16,9,22,59
2026-07-26,C016,T005,Casual listener,Mexico,1178,120,9,4,13,41
2026-07-26,C016,T005,Existing fan,US,3502,397,38,20,78,99
2026-07-26,C016,T005,Existing fan,Canada,1920,215,20,12,37,48
2026-07-26,C016,T005,Existing fan,Mexico,595,64,6,3,10,15
2026-07-26,C016,T005,Lapsed listener,US,4195,393,29,17,57,114
2026-07-26,C016,T005,Lapsed listener,Canada,1601,154,12,6,20,42
2026-07-26,C016,T005,Lapsed listener,Mexico,1764,189,15,8,24,51
2026-07-27,C016,T005,New listener,US,3638,339,20,10,29,121
2026-07-27,C016,T005,New listener,Canada,957,74,4,2,6,25
2026-07-27,C016,T005,New listener,Mexico,1320,106,6,3,9,41
2026-07-27,C016,T005,Casual listener,US,3533,330,23,14,40,107
2026-07-27,C016,T005,Casual listener,Canada,2067,192,14,7,23,61
2026-07-27,C016,T005,Casual listener,Mexico,1596,168,13,7,18,56
2026-07-27,C016,T005,Existing fan,US,3753,402,43,21,79,93
2026-07-27,C016,T005,Existing fan,Canada,905,92,9,4,16,22
2026-07-27,C016,T005,Existing fan,Mexico,1832,207,20,11,38,48
2026-07-27,C016,T005,Lapsed listener,US,6692,693,50,30,95,228
2026-07-27,C016,T005,Lapsed listener,Canada,2122,199,14,8,26,65
2026-07-27,C016,T005,Lapsed listener,Mexico,1766,177,14,7,22,57
2026-07-28,C016,T005,New listener,US,5111,386,20,12,29,138
2026-07-28,C016,T005,New listener,Canada,1224,114,6,3,8,40
2026-07-28,C016,T005,New listener,Mexico,864,82,4,2,6,26
2026-07-28,C016,T005,Casual listener,US,1553,161,11,6,20,53
2026-07-28,C016,T005,Casual listener,Canada,1639,142,10,6,15,47
2026-07-28,C016,T005,Casual listener,Mexico,951,98,7,4,11,29
2026-07-28,C016,T005,Existing fan,US,2496,256,27,14,44,63
2026-07-28,C016,T005,Existing fan,Canada,2046,235,22,13,42,51
2026-07-28,C016,T005,Existing fan,Mexico,1315,145,16,8,27,31
2026-07-28,C016,T005,Lapsed listener,US,1611,154,13,6,18,43
2026-07-28,C016,T005,Lapsed listener,Canada,1464,157,11,6,23,46
2026-07-28,C016,T005,Lapsed listener,Mexico,662,68,5,3,8,22
2026-07-29,C016,T005,New listener,US,6045,572,34,19,51,216
2026-07-29,C016,T005,New listener,Canada,1512,126,6,3,10,43
2026-07-29,C016,T005,New listener,Mexico,418,35,1,1,2,12
2026-07-29,C016,T005,Casual listener,US,5336,465,35,21,56,155
2026-07-29,C016,T005,Casual listener,Canada,519,47,3,1,5,15
2026-07-29,C016,T005,Casual listener,Mexico,1128,100,6,3,12,30
2026-07-29,C016,T005,Existing fan,US,4728,495,48,27,84,105
2026-07-29,C016,T005,Existing fan,Canada,1858,241,24,12,40,56
2026-07-29,C016,T005,Existing fan,Mexico,816,105,10,5,19,25
2026-07-29,C016,T005,Lapsed listener,US,6280,660,52,27,83,197
2026-07-29,C016,T005,Lapsed listener,Canada,1020,96,6,3,14,27
2026-07-29,C016,T005,Lapsed listener,Mexico,1422,134,10,5,18,36
2026-07-30,C016,T005,New listener,US,5607,470,24,14,42,181
2026-07-30,C016,T005,New listener,Canada,500,44,2,1,3,16
2026-07-30,C016,T005,New listener,Mexico,1431,126,7,4,11,49
2026-07-30,C016,T005,Casual listener,US,2132,202,13,8,25,65
2026-07-30,C016,T005,Casual listener,Canada,694,62,4,2,6,20
2026-07-30,C016,T005,Casual listener,Mexico,1622,165,12,6,19,48
2026-07-30,C016,T005,Existing fan,US,2176,241,27,12,45,56
2026-07-30,C016,T005,Existing fan,Canada,1458,159,17,9,26,36
2026-07-30,C016,T005,Existing fan,Mexico,1435,146,14,8,28,35
2026-07-30,C016,T005,Lapsed listener,US,3864,369,27,15,54,122
2026-07-30,C016,T005,Lapsed listener,Canada,1146,117,9,4,14,37
2026-07-30,C016,T005,Lapsed listener,Mexico,453,47,3,1,5,15
2026-07-31,C016,T005,New listener,US,1693,135,7,4,11,49
2026-07-31,C016,T005,New listener,Canada,1192,105,6,3,8,37
2026-07-31,C016,T005,New listener,Mexico,711,59,3,2,4,22
2026-07-31,C016,T005,Casual listener,US,3536,351,26,13,39,105
2026-07-31,C016,T005,Casual listener,Canada,1551,134,8,5,17,40
2026-07-31,C016,T005,Casual listener,Mexico,433,41,2,1,5,12
2026-07-31,C016,T005,Existing fan,US,1713,199,23,11,39,41
2026-07-31,C016,T005,Existing fan,Canada,906,93,10,4,17,19
2026-07-31,C016,T005,Existing fan,Mexico,989,124,12,6,24,26
2026-07-31,C016,T005,Lapsed listener,US,4351,421,30,17,57,128
2026-07-31,C016,T005,Lapsed listener,Canada,1358,124,9,4,15,38
2026-07-31,C016,T005,Lapsed listener,Mexico,1246,110,9,4,15,30
2026-08-01,C016,T005,New listener,US,1485,121,7,3,8,42
2026-08-01,C016,T005,New listener,Canada,1144,94,5,3,7,35
2026-08-01,C016,T005,New listener,Mexico,1478,131,7,4,11,43
2026-08-01,C016,T005,Casual listener,US,4629,466,32,20,58,150
2026-08-01,C016,T005,Casual listener,Canada,1071,103,7,4,12,36
2026-08-01,C016,T005,Casual listener,Mexico,652,67,4,2,8,20
2026-08-01,C016,T005,Existing fan,US,1372,154,18,8,27,36
2026-08-01,C016,T005,Existing fan,Canada,1215,124,12,7,24,25
2026-08-01,C016,T005,Existing fan,Mexico,1181,137,13,8,22,29
2026-08-01,C016,T005,Lapsed listener,US,4277,416,31,15,50,131
2026-08-01,C016,T005,Lapsed listener,Canada,679,70,5,3,9,21
2026-08-01,C016,T005,Lapsed listener,Mexico,401,43,3,1,6,11
2026-08-02,C016,T005,New listener,US,3019,267,14,8,22,92
2026-08-02,C016,T005,New listener,Canada,935,85,4,2,6,30
2026-08-02,C016,T005,New listener,Mexico,833,77,4,2,6,24
2026-08-02,C016,T005,Casual listener,US,5147,481,32,21,55,162
2026-08-02,C016,T005,Casual listener,Canada,1651,173,13,6,19,56
2026-08-02,C016,T005,Casual listener,Mexico,643,54,3,2,6,17
2026-08-02,C016,T005,Existing fan,US,3681,399,39,22,74,84
2026-08-02,C016,T005,Existing fan,Canada,1785,211,21,11,36,52
2026-08-02,C016,T005,Existing fan,Mexico,937,115,12,6,22,26
2026-08-02,C016,T005,Lapsed listener,US,3980,364,28,14,47,107
2026-08-02,C016,T005,Lapsed listener,Canada,476,44,3,1,5,12
2026-08-02,C016,T005,Lapsed listener,Mexico,1458,142,10,5,20,39
2026-08-03,C016,T005,New listener,US,4227,396,22,12,31,155
2026-08-03,C016,T005,New listener,Canada,1305,111,5,3,8,35
2026-08-03,C016,T005,New listener,Mexico,1222,97,5,3,7,36
2026-08-03,C016,T005,Casual listener,US,3489,325,22,13,35,95
2026-08-03,C016,T005,Casual listener,Canada,1043,94,6,4,10,30
2026-08-03,C016,T005,Casual listener,Mexico,469,46,3,2,5,13
2026-08-03,C016,T005,Existing fan,US,3516,427,50,23,70,102
2026-08-03,C016,T005,Existing fan,Canada,727,85,9,5,16,20
2026-08-03,C016,T005,Existing fan,Mexico,1399,158,18,9,30,35
2026-08-03,C016,T005,Lapsed listener,US,2781,273,20,10,34,88
2026-08-03,C016,T005,Lapsed listener,Canada,1878,187,14,7,24,61
2026-08-03,C016,T005,Lapsed listener,Mexico,1091,113,7,4,14,35
2026-08-04,C016,T005,New listener,US,4502,417,25,12,32,159
2026-08-04,C016,T005,New listener,Canada,655,56,2,1,4,18
2026-08-04,C016,T005,New listener,Mexico,710,65,3,2,5,21
2026-08-04,C016,T005,Casual listener,US,2153,190,15,7,21,56
2026-08-04,C016,T005,Casual listener,Canada,1722,180,12,7,22,62
2026-08-04,C016,T005,Casual listener,Mexico,1226,113,8,4,12,35
2026-08-04,C016,T005,Existing fan,US,2858,341,37,18,62,75
2026-08-04,C016,T005,Existing fan,Canada,749,77,7,4,14,16
2026-08-04,C016,T005,Existing fan,Mexico,349,36,3,1,6,8
2026-08-04,C016,T005,Lapsed listener,US,3244,295,25,12,36,90
2026-08-04,C016,T005,Lapsed listener,Canada,769,84,5,3,10,24
2026-08-04,C016,T005,Lapsed listener,Mexico,509,48,3,1,6,13
2026-08-05,C016,T005,New listener,US,4150,340,19,11,25,122
2026-08-05,C016,T005,New listener,Canada,911,70,3,2,6,27
2026-08-05,C016,T005,New listener,Mexico,736,65,3,2,5,24
2026-08-05,C016,T005,Casual listener,US,2213,231,16,9,25,79
2026-08-05,C016,T005,Casual listener,Canada,1347,140,10,6,18,43
2026-08-05,C016,T005,Casual listener,Mexico,895,89,5,3,9,28
2026-08-05,C016,T005,Existing fan,US,1561,169,19,9,29,39
2026-08-05,C016,T005,Existing fan,Canada,1099,116,11,6,19,26
2026-08-05,C016,T005,Existing fan,Mexico,892,109,10,6,17,25
2026-08-05,C016,T005,Lapsed listener,US,4096,406,33,16,53,120
2026-08-05,C016,T005,Lapsed listener,Canada,1250,126,8,5,18,34
2026-08-05,C016,T005,Lapsed listener,Mexico,414,38,2,1,5,11
2026-08-06,C016,T005,New listener,US,3793,354,21,12,30,120
2026-08-06,C016,T005,New listener,Canada,1387,112,6,3,8,40
2026-08-06,C016,T005,New listener,Mexico,725,69,4,2,5,24
2026-08-06,C016,T005,Casual listener,US,4686,468,36,19,50,151
2026-08-06,C016,T005,Casual listener,Canada,1515,141,10,6,16,43
2026-08-06,C016,T005,Casual listener,Mexico,842,81,6,3,10,27
2026-08-06,C016,T005,Existing fan,US,4006,442,43,26,88,96
2026-08-06,C016,T005,Existing fan,Canada,1240,130,12,7,24,32
2026-08-06,C016,T005,Existing fan,Mexico,1297,161,15,9,27,37
2026-08-06,C016,T005,Lapsed listener,US,4820,531,38,19,74,150
2026-08-06,C016,T005,Lapsed listener,Canada,1392,136,10,6,17,44
2026-08-06,C016,T005,Lapsed listener,Mexico,1402,155,12,6,20,43
2026-08-07,C016,T005,New listener,US,2173,178,10,6,15,57
2026-08-07,C016,T005,New listener,Canada,1493,136,7,4,10,47
2026-08-07,C016,T005,New listener,Mexico,1287,114,5,3,10,38
2026-08-07,C016,T005,Casual listener,US,3600,344,24,13,42,113
2026-08-07,C016,T005,Casual listener,Canada,940,91,6,3,11,29
2026-08-07,C016,T005,Casual listener,Mexico,1270,134,10,5,16,41
2026-08-07,C016,T005,Existing fan,US,3856,467,51,26,90,100
2026-08-07,C016,T005,Existing fan,Canada,1553,169,16,9,33,36
2026-08-07,C016,T005,Existing fan,Mexico,1020,127,12,7,23,26
2026-08-07,C016,T005,Lapsed listener,US,1682,163,11,6,21,53
2026-08-07,C016,T005,Lapsed listener,Canada,1356,141,10,5,18,46
2026-08-07,C016,T005,Lapsed listener,Mexico,1027,98,7,3,13,27
2026-06-18,C017,T020,New listener,US,6145,430,21,12,29,161
2026-06-18,C017,T020,New listener,Canada,3062,229,12,7,18,82
2026-06-18,C017,T020,New listener,Mexico,1164,83,4,2,5,28
2026-06-18,C017,T020,Casual listener,US,7607,684,43,29,75,227
2026-06-18,C017,T020,Casual listener,Canada,2818,205,14,8,20,67
2026-06-18,C017,T020,Casual listener,Mexico,3475,322,19,13,37,114
2026-06-18,C017,T020,Existing fan,US,3892,414,39,24,67,90
2026-06-18,C017,T020,Existing fan,Canada,2831,307,28,18,50,72
2026-06-18,C017,T020,Existing fan,Mexico,1726,155,15,8,25,39
2026-06-18,C017,T020,Lapsed listener,US,7030,542,38,23,69,162
2026-06-18,C017,T020,Lapsed listener,Canada,4479,343,25,14,44,108
2026-06-18,C017,T020,Lapsed listener,Mexico,3235,306,23,13,40,90
2026-06-19,C017,T020,New listener,US,7612,545,26,16,38,199
2026-06-19,C017,T020,New listener,Canada,2574,193,9,6,14,70
2026-06-19,C017,T020,New listener,Mexico,2621,207,10,7,16,69
2026-06-19,C017,T020,Casual listener,US,8431,697,47,26,71,210
2026-06-19,C017,T020,Casual listener,Canada,2951,249,16,10,24,91
2026-06-19,C017,T020,Casual listener,Mexico,860,65,4,2,7,23
2026-06-19,C017,T020,Existing fan,US,3796,411,43,22,68,108
2026-06-19,C017,T020,Existing fan,Canada,1834,177,16,10,26,39
2026-06-19,C017,T020,Existing fan,Mexico,2315,214,19,11,34,51
2026-06-19,C017,T020,Lapsed listener,US,7828,685,47,28,91,200
2026-06-19,C017,T020,Lapsed listener,Canada,2792,217,16,9,29,71
2026-06-19,C017,T020,Lapsed listener,Mexico,1599,129,9,5,14,41
2026-06-20,C017,T020,New listener,US,11337,920,49,31,65,349
2026-06-20,C017,T020,New listener,Canada,1876,131,7,3,10,44
2026-06-20,C017,T020,New listener,Mexico,2454,192,9,6,13,71
2026-06-20,C017,T020,Casual listener,US,10701,841,55,31,99,263
2026-06-20,C017,T020,Casual listener,Canada,1017,81,5,3,9,27
2026-06-20,C017,T020,Casual listener,Mexico,1217,97,7,3,11,34
2026-06-20,C017,T020,Existing fan,US,10510,1072,96,62,190,274
2026-06-20,C017,T020,Existing fan,Canada,2867,294,28,16,51,76
2026-06-20,C017,T020,Existing fan,Mexico,1516,143,13,7,24,31
2026-06-20,C017,T020,Lapsed listener,US,11057,1064,67,39,121,335
2026-06-20,C017,T020,Lapsed listener,Canada,4146,322,23,13,43,98
2026-06-20,C017,T020,Lapsed listener,Mexico,2058,194,14,7,23,63
2026-06-21,C017,T020,New listener,US,11453,808,41,25,57,287
2026-06-21,C017,T020,New listener,Canada,3327,243,12,7,18,99
2026-06-21,C017,T020,New listener,Mexico,3174,238,12,8,18,88
2026-06-21,C017,T020,Casual listener,US,3885,310,18,12,30,105
2026-06-21,C017,T020,Casual listener,Canada,2927,242,16,10,25,79
2026-06-21,C017,T020,Casual listener,Mexico,3197,246,15,10,26,82
2026-06-21,C017,T020,Existing fan,US,5275,591,59,31,90,144
2026-06-21,C017,T020,Existing fan,Canada,1545,144,15,8,24,35
2026-06-21,C017,T020,Existing fan,Mexico,2253,240,23,14,36,62
2026-06-21,C017,T020,Lapsed listener,US,11263,984,67,40,126,312
2026-06-21,C017,T020,Lapsed listener,Canada,1678,156,9,6,17,48
2026-06-21,C017,T020,Lapsed listener,Mexico,3398,262,17,10,29,82
2026-06-22,C017,T020,New listener,US,4965,377,18,12,30,133
2026-06-22,C017,T020,New listener,Canada,3554,275,15,9,20,101
2026-06-22,C017,T020,New listener,Mexico,966,67,3,2,4,25
2026-06-22,C017,T020,Casual listener,US,8984,808,56,35,95,253
2026-06-22,C017,T020,Casual listener,Canada,2750,238,14,9,24,73
2026-06-22,C017,T020,Casual listener,Mexico,1491,133,9,5,13,42
2026-06-22,C017,T020,Existing fan,US,3397,358,36,19,63,83
2026-06-22,C017,T020,Existing fan,Canada,1415,143,14,8,24,34
2026-06-22,C017,T020,Existing fan,Mexico,1952,185,17,11,30,40
2026-06-22,C017,T020,Lapsed listener,US,3905,324,21,12,36,111
2026-06-22,C017,T020,Lapsed listener,Canada,1460,134,10,5,17,45
2026-06-22,C017,T020,Lapsed listener,Mexico,1607,136,10,5,17,42
2026-06-23,C017,T020,New listener,US,10433,796,43,26,58,320
2026-06-23,C017,T020,New listener,Canada,3114,234,13,7,17,84
2026-06-23,C017,T020,New listener,Mexico,1834,131,6,4,10,49
2026-06-23,C017,T020,Casual listener,US,6933,508,35,19,57,177
2026-06-23,C017,T020,Casual listener,Canada,3020,277,19,10,28,85
2026-06-23,C017,T020,Casual listener,Mexico,2046,168,11,6,17,51
2026-06-23,C017,T020,Existing fan,US,11139,1245,117,71,191,324
2026-06-23,C017,T020,Existing fan,Canada,1634,171,15,9,30,43
2026-06-23,C017,T020,Existing fan,Mexico,1595,169,15,9,26,39
2026-06-23,C017,T020,Lapsed listener,US,7092,637,49,24,72,185
2026-06-23,C017,T020,Lapsed listener,Canada,2750,214,14,8,26,69
2026-06-23,C017,T020,Lapsed listener,Mexico,2331,179,12,6,20,55
2026-06-24,C017,T020,New listener,US,9204,720,36,24,51,276
2026-06-24,C017,T020,New listener,Canada,2583,194,10,6,14,76
2026-06-24,C017,T020,New listener,Mexico,3124,211,9,6,14,73
2026-06-24,C017,T020,Casual listener,US,4907,365,24,14,39,125
2026-06-24,C017,T020,Casual listener,Canada,2247,203,12,8,20,64
2026-06-24,C017,T020,Casual listener,Mexico,2611,210,14,8,21,71
2026-06-24,C017,T020,Existing fan,US,9429,1023,94,59,156,261
2026-06-24,C017,T020,Existing fan,Canada,1476,150,13,8,23,33
2026-06-24,C017,T020,Existing fan,Mexico,834,90,8,5,14,23
2026-06-24,C017,T020,Lapsed listener,US,2993,264,19,10,34,77
2026-06-24,C017,T020,Lapsed listener,Canada,1778,151,10,5,19,52
2026-06-24,C017,T020,Lapsed listener,Mexico,2352,201,12,7,23,62
2026-06-25,C017,T020,New listener,US,5768,406,22,14,27,162
2026-06-25,C017,T020,New listener,Canada,1440,97,5,2,7,36
2026-06-25,C017,T020,New listener,Mexico,973,79,3,2,5,27
2026-06-25,C017,T020,Casual listener,US,8225,679,45,25,72,224
2026-06-25,C017,T020,Casual listener,Canada,1181,93,6,3,9,29
2026-06-25,C017,T020,Casual listener,Mexico,800,68,4,2,7,22
2026-06-25,C017,T020,Existing fan,US,7877,873,83,46,154,204
2026-06-25,C017,T020,Existing fan,Canada,1090,99,9,5,15,22
2026-06-25,C017,T020,Existing fan,Mexico,2862,294,29,16,49,76
2026-06-25,C017,T020,Lapsed listener,US,7053,592,43,24,72,185
2026-06-25,C017,T020,Lapsed listener,Canada,2064,192,12,6,22,65
2026-06-25,C017,T020,Lapsed listener,Mexico,2785,231,17,9,27,66
2026-06-26,C017,T020,New listener,US,5158,414,22,12,29,160
2026-06-26,C017,T020,New listener,Canada,3282,238,11,7,17,90
2026-06-26,C017,T020,New listener,Mexico,1785,132,6,4,9,48
2026-06-26,C017,T020,Casual listener,US,7394,646,44,25,69,219
2026-06-26,C017,T020,Casual listener,Canada,1707,129,7,5,14,42
2026-06-26,C017,T020,Casual listener,Mexico,2583,212,14,8,21,73
2026-06-26,C017,T020,Existing fan,US,6228,555,51,29,91,131
2026-06-26,C017,T020,Existing fan,Canada,1245,126,11,6,20,27
2026-06-26,C017,T020,Existing fan,Mexico,1044,111,10,6,16,25
2026-06-26,C017,T020,Lapsed listener,US,3523,293,22,11,35,93
2026-06-26,C017,T020,Lapsed listener,Canada,1585,142,10,5,18,41
2026-06-26,C017,T020,Lapsed listener,Mexico,2358,185,13,7,22,57
2026-06-27,C017,T020,New listener,US,3980,284,14,8,21,109
2026-06-27,C017,T020,New listener,Canada,804,54,2,1,3,21
2026-06-27,C017,T020,New listener,Mexico,911,65,3,2,4,23
2026-06-27,C017,T020,Casual listener,US,3010,230,13,10,24,74
2026-06-27,C017,T020,Casual listener,Canada,2248,204,12,8,23,63
2026-06-27,C017,T020,Casual listener,Mexico,995,74,5,2,7,22
2026-06-27,C017,T020,Existing fan,US,6356,576,53,32,88,127
2026-06-27,C017,T020,Existing fan,Canada,2537,251,23,14,41,55
2026-06-27,C017,T020,Existing fan,Mexico,1142,109,9,5,19,26
2026-06-27,C017,T020,Lapsed listener,US,4686,423,27,16,53,123
2026-06-27,C017,T020,Lapsed listener,Canada,995,93,6,3,11,27
2026-06-27,C017,T020,Lapsed listener,Mexico,2712,213,14,7,24,65
2026-06-28,C017,T020,New listener,US,3706,295,14,9,20,117
2026-06-28,C017,T020,New listener,Canada,2500,194,9,5,13,71
2026-06-28,C017,T020,New listener,Mexico,1665,127,6,3,8,47
2026-06-28,C017,T020,Casual listener,US,7572,580,35,21,66,211
2026-06-28,C017,T020,Casual listener,Canada,1809,147,9,6,16,52
2026-06-28,C017,T020,Casual listener,Mexico,1473,115,7,4,12,39
2026-06-28,C017,T020,Existing fan,US,5131,500,51,25,85,132
2026-06-28,C017,T020,Existing fan,Canada,2468,241,22,14,37,61
2026-06-28,C017,T020,Existing fan,Mexico,1984,222,20,11,37,48
2026-06-28,C017,T020,Lapsed listener,US,7413,631,40,25,84,189
2026-06-28,C017,T020,Lapsed listener,Canada,2469,232,16,8,30,77
2026-06-28,C017,T020,Lapsed listener,Mexico,1571,150,10,6,18,46
2026-06-29,C017,T020,New listener,US,8918,677,36,23,46,260
2026-06-29,C017,T020,New listener,Canada,3094,233,11,7,16,93
2026-06-29,C017,T020,New listener,Mexico,1916,142,7,4,10,48
2026-06-29,C017,T020,Casual listener,US,7678,691,47,27,69,236
2026-06-29,C017,T020,Casual listener,Canada,1660,131,8,5,13,42
2026-06-29,C017,T020,Casual listener,Mexico,2054,159,10,6,15,55
2026-06-29,C017,T020,Existing fan,US,3956,380,36,21,64,96
2026-06-29,C017,T020,Existing fan,Canada,2971,320,28,16,56,79
2026-06-29,C017,T020,Existing fan,Mexico,2291,208,19,12,35,51
2026-06-29,C017,T020,Lapsed listener,US,3253,250,15,10,30,77
2026-06-29,C017,T020,Lapsed listener,Canada,2666,242,17,10,32,73
2026-06-29,C017,T020,Lapsed listener,Mexico,2035,190,14,8,20,65
2026-06-30,C017,T020,New listener,US,6619,520,27,15,42,213
2026-06-30,C017,T020,New listener,Canada,2296,182,9,5,14,66
2026-06-30,C017,T020,New listener,Mexico,1647,126,6,4,10,48
2026-06-30,C017,T020,Casual listener,US,6641,595,37,25,60,211
2026-06-30,C017,T020,Casual listener,Canada,3084,231,14,10,26,78
2026-06-30,C017,T020,Casual listener,Mexico,1573,114,7,4,12,39
2026-06-30,C017,T020,Existing fan,US,3402,317,30,18,54,77
2026-06-30,C017,T020,Existing fan,Canada,1072,111,10,6,18,28
2026-06-30,C017,T020,Existing fan,Mexico,1324,124,11,6,18,29
2026-06-30,C017,T020,Lapsed listener,US,4100,343,25,12,41,113
2026-06-30,C017,T020,Lapsed listener,Canada,2965,264,19,9,33,78
2026-06-30,C017,T020,Lapsed listener,Mexico,1349,110,7,4,13,37
2026-07-01,C017,T020,New listener,US,4375,361,17,12,25,143
2026-07-01,C017,T020,New listener,Canada,2791,222,10,7,17,89
2026-07-01,C017,T020,New listener,Mexico,2135,162,7,5,13,55
2026-07-01,C017,T020,Casual listener,US,6576,480,30,20,52,165
2026-07-01,C017,T020,Casual listener,Canada,797,58,3,2,5,20
2026-07-01,C017,T020,Casual listener,Mexico,1052,87,6,3,9,26
2026-07-01,C017,T020,Existing fan,US,8197,927,94,46,156,202
2026-07-01,C017,T020,Existing fan,Canada,1820,168,17,9,26,43
2026-07-01,C017,T020,Existing fan,Mexico,1616,155,14,7,23,35
2026-07-01,C017,T020,Lapsed listener,US,2904,247,18,10,31,78
2026-07-01,C017,T020,Lapsed listener,Canada,2968,233,17,9,26,78
2026-07-01,C017,T020,Lapsed listener,Mexico,889,83,6,3,9,28
2026-07-02,C017,T020,New listener,US,3070,233,11,8,15,80
2026-07-02,C017,T020,New listener,Canada,2406,186,8,6,13,73
2026-07-02,C017,T020,New listener,Mexico,831,58,2,2,4,22
2026-07-02,C017,T020,Casual listener,US,5470,413,27,17,46,140
2026-07-02,C017,T020,Casual listener,Canada,2302,189,12,7,19,62
2026-07-02,C017,T020,Casual listener,Mexico,2413,179,11,8,17,61
2026-07-02,C017,T020,Existing fan,US,5302,550,49,33,84,134
2026-07-02,C017,T020,Existing fan,Canada,1745,162,16,8,25,35
2026-07-02,C017,T020,Existing fan,Mexico,1287,116,10,6,18,28
2026-07-02,C017,T020,Lapsed listener,US,4030,341,23,12,40,101
2026-07-02,C017,T020,Lapsed listener,Canada,1882,150,10,6,19,42
2026-07-02,C017,T020,Lapsed listener,Mexico,1673,137,10,5,17,44
2026-07-03,C017,T020,New listener,US,8286,647,31,21,51,238
2026-07-03,C017,T020,New listener,Canada,2843,200,10,7,14,68
2026-07-03,C017,T020,New listener,Mexico,1642,110,6,3,7,40
2026-07-03,C017,T020,Casual listener,US,6212,478,30,19,55,170
2026-07-03,C017,T020,Casual listener,Canada,1326,108,7,4,11,33
2026-07-03,C017,T020,Casual listener,Mexico,1619,131,7,5,12,39
2026-07-03,C017,T020,Existing fan,US,2398,217,22,12,34,55
2026-07-03,C017,T020,Existing fan,Canada,679,76,7,4,13,19
2026-07-03,C017,T020,Existing fan,Mexico,1319,118,11,6,20,30
2026-07-03,C017,T020,Lapsed listener,US,1980,191,14,7,23,55
2026-07-03,C017,T020,Lapsed listener,Canada,1642,159,11,5,18,46
2026-07-03,C017,T020,Lapsed listener,Mexico,1947,165,10,6,18,56
2026-07-04,C017,T020,New listener,US,3552,241,11,7,16,83
2026-07-04,C017,T020,New listener,Canada,688,51,2,1,3,18
2026-07-04,C017,T020,New listener,Mexico,2279,173,8,5,11,67
2026-07-04,C017,T020,Casual listener,US,7606,594,40,22,62,209
2026-07-04,C017,T020,Casual listener,Canada,1046,95,6,3,10,33
2026-07-04,C017,T020,Casual listener,Mexico,1089,86,6,3,8,30
2026-07-04,C017,T020,Existing fan,US,7361,760,79,37,136,175
2026-07-04,C017,T020,Existing fan,Canada,1902,213,20,10,37,51
2026-07-04,C017,T020,Existing fan,Mexico,613,56,5,3,8,12
2026-07-04,C017,T020,Lapsed listener,US,4855,463,33,17,54,150
2026-07-04,C017,T020,Lapsed listener,Canada,1084,100,7,4,13,30
2026-07-04,C017,T020,Lapsed listener,Mexico,1885,166,12,6,21,48
2026-07-05,C017,T020,New listener,US,2200,151,8,5,12,53
2026-07-05,C017,T020,New listener,Canada,1938,134,6,4,10,52
2026-07-05,C017,T020,New listener,Mexico,583,45,2,1,3,17
2026-07-05,C017,T020,Casual listener,US,2811,217,14,9,24,68
2026-07-05,C017,T020,Casual listener,Canada,1440,128,8,5,13,41
2026-07-05,C017,T020,Casual listener,Mexico,1421,130,9,5,14,41
2026-07-05,C017,T020,Existing fan,US,2043,208,19,11,35,53
2026-07-05,C017,T020,Existing fan,Canada,2678,300,29,15,47,77
2026-07-05,C017,T020,Existing fan,Mexico,1973,204,19,10,30,44
2026-07-05,C017,T020,Lapsed listener,US,5159,439,29,17,51,137
2026-07-05,C017,T020,Lapsed listener,Canada,771,60,4,2,6,17
2026-07-05,C017,T020,Lapsed listener,Mexico,2086,162,11,6,18,48
2026-07-06,C017,T020,New listener,US,1983,148,7,4,11,51
2026-07-06,C017,T020,New listener,Canada,1925,136,6,4,10,55
2026-07-06,C017,T020,New listener,Mexico,1381,110,6,3,8,39
2026-07-06,C017,T020,Casual listener,US,3157,286,17,11,27,86
2026-07-06,C017,T020,Casual listener,Canada,871,71,4,2,7,22
2026-07-06,C017,T020,Casual listener,Mexico,1587,134,8,5,14,47
2026-07-06,C017,T020,Existing fan,US,7486,833,78,49,139,195
2026-07-06,C017,T020,Existing fan,Canada,1144,109,10,5,19,24
2026-07-06,C017,T020,Existing fan,Mexico,893,92,8,5,14,24
2026-07-06,C017,T020,Lapsed listener,US,2589,215,15,9,26,64
2026-07-06,C017,T020,Lapsed listener,Canada,1533,117,8,4,13,40
2026-07-06,C017,T020,Lapsed listener,Mexico,2137,167,10,6,22,54
2026-07-07,C017,T020,New listener,US,2978,196,9,6,15,68
2026-07-07,C017,T020,New listener,Canada,974,70,3,2,5,26
2026-07-07,C017,T020,New listener,Mexico,1746,141,7,4,11,56
2026-07-07,C017,T020,Casual listener,US,2049,188,11,7,18,57
2026-07-07,C017,T020,Casual listener,Canada,2304,203,14,7,20,66
2026-07-07,C017,T020,Casual listener,Mexico,2039,150,10,6,15,51
2026-07-07,C017,T020,Existing fan,US,6377,660,58,33,99,143
2026-07-07,C017,T020,Existing fan,Canada,2465,257,24,13,39,59
2026-07-07,C017,T020,Existing fan,Mexico,1231,130,11,7,20,31
2026-07-07,C017,T020,Lapsed listener,US,1759,161,11,6,21,48
2026-07-07,C017,T020,Lapsed listener,Canada,1511,140,9,5,16,46
2026-07-07,C017,T020,Lapsed listener,Mexico,706,68,4,2,8,21
2026-07-08,C017,T020,New listener,US,2386,168,8,5,11,59
2026-07-08,C017,T020,New listener,Canada,614,48,2,1,3,16
2026-07-08,C017,T020,New listener,Mexico,742,60,3,2,4,22
2026-07-08,C017,T020,Casual listener,US,5640,449,28,18,49,157
2026-07-08,C017,T020,Casual listener,Canada,784,59,4,2,5,20
2026-07-08,C017,T020,Casual listener,Mexico,1302,107,6,4,12,36
2026-07-08,C017,T020,Existing fan,US,3127,287,25,14,47,69
2026-07-08,C017,T020,Existing fan,Canada,1961,175,17,9,28,40
2026-07-08,C017,T020,Existing fan,Mexico,823,76,7,3,12,17
2026-07-08,C017,T020,Lapsed listener,US,2963,250,18,10,31,77
2026-07-08,C017,T020,Lapsed listener,Canada,1266,120,7,4,13,36
2026-07-08,C017,T020,Lapsed listener,Mexico,528,40,3,1,5,13
2026-07-09,C017,T020,New listener,US,3853,291,15,10,20,103
2026-07-09,C017,T020,New listener,Canada,783,54,2,1,4,20
2026-07-09,C017,T020,New listener,Mexico,1417,102,4,3,7,38
2026-07-09,C017,T020,Casual listener,US,3963,296,20,11,33,97
2026-07-09,C017,T020,Casual listener,Canada,2301,170,12,7,19,52
2026-07-09,C017,T020,Casual listener,Mexico,698,52,3,2,5,18
2026-07-09,C017,T020,Existing fan,US,3116,329,31,17,53,83
2026-07-09,C017,T020,Existing fan,Canada,1232,135,12,7,22,35
2026-07-09,C017,T020,Existing fan,Mexico,1255,140,12,8,21,36
2026-07-09,C017,T020,Lapsed listener,US,4929,446,30,18,55,155
2026-07-09,C017,T020,Lapsed listener,Canada,1354,118,8,4,13,35
2026-07-09,C017,T020,Lapsed listener,Mexico,1914,157,10,5,18,51
2026-07-10,C017,T020,New listener,US,4360,286,14,8,21,103
2026-07-10,C017,T020,New listener,Canada,2134,175,9,5,13,70
2026-07-10,C017,T020,New listener,Mexico,758,59,3,1,4,24
2026-07-10,C017,T020,Casual listener,US,4401,382,25,15,38,132
2026-07-10,C017,T020,Casual listener,Canada,1346,121,7,5,12,43
2026-07-10,C017,T020,Casual listener,Mexico,1359,123,7,5,12,41
2026-07-10,C017,T020,Existing fan,US,6420,723,72,42,123,180
2026-07-10,C017,T020,Existing fan,Canada,1399,155,16,8,25,40
2026-07-10,C017,T020,Existing fan,Mexico,1364,125,12,7,18,27
2026-07-10,C017,T020,Lapsed listener,US,3618,325,23,11,39,106
2026-07-10,C017,T020,Lapsed listener,Canada,973,90,5,3,11,29
2026-07-10,C017,T020,Lapsed listener,Mexico,1840,167,11,6,22,52
2026-07-11,C017,T020,New listener,US,5363,352,17,11,27,140
2026-07-11,C017,T020,New listener,Canada,2041,149,6,4,10,59
2026-07-11,C017,T020,New listener,Mexico,799,52,2,1,4,20
2026-07-11,C017,T020,Casual listener,US,4056,336,21,13,34,122
2026-07-11,C017,T020,Casual listener,Canada,2107,162,11,6,18,56
2026-07-11,C017,T020,Casual listener,Mexico,1348,98,6,3,11,33
2026-07-11,C017,T020,Existing fan,US,5023,507,51,25,78,109
2026-07-11,C017,T020,Existing fan,Canada,1505,157,14,9,27,40
2026-07-11,C017,T020,Existing fan,Mexico,1870,172,16,9,27,41
2026-07-11,C017,T020,Lapsed listener,US,2005,158,10,6,18,53
2026-07-11,C017,T020,Lapsed listener,Canada,2167,207,14,8,27,70
2026-07-11,C017,T020,Lapsed listener,Mexico,622,48,3,1,5,16
2026-07-12,C017,T020,New listener,US,5941,465,25,15,34,158
2026-07-12,C017,T020,New listener,Canada,2000,157,8,5,12,56
2026-07-12,C017,T020,New listener,Mexico,585,39,1,1,2,14
2026-07-12,C017,T020,Casual listener,US,5761,458,31,20,46,157
2026-07-12,C017,T020,Casual listener,Canada,809,63,4,2,6,20
2026-07-12,C017,T020,Casual listener,Mexico,543,41,2,1,4,13
2026-07-12,C017,T020,Existing fan,US,4169,409,39,22,71,99
2026-07-12,C017,T020,Existing fan,Canada,620,56,5,2,9,14
2026-07-12,C017,T020,Existing fan,Mexico,666,65,6,3,11,14
2026-07-12,C017,T020,Lapsed listener,US,2380,203,13,8,24,70
2026-07-12,C017,T020,Lapsed listener,Canada,1982,192,12,7,23,64
2026-07-12,C017,T020,Lapsed listener,Mexico,1448,121,8,4,15,35
2026-07-13,C017,T020,New listener,US,2019,149,7,4,10,60
2026-07-13,C017,T020,New listener,Canada,1986,137,6,4,10,52
2026-07-13,C017,T020,New listener,Mexico,1376,98,5,3,6,39
2026-07-13,C017,T020,Casual listener,US,3497,295,19,12,29,91
2026-07-13,C017,T020,Casual listener,Canada,1610,138,8,6,15,44
2026-07-13,C017,T020,Casual listener,Mexico,514,38,2,1,4,12
2026-07-13,C017,T020,Existing fan,US,5426,561,51,32,97,121
2026-07-13,C017,T020,Existing fan,Canada,1929,187,16,10,28,47
2026-07-13,C017,T020,Existing fan,Mexico,1394,143,14,7,22,35
2026-07-13,C017,T020,Lapsed listener,US,1984,158,10,6,21,49
2026-07-13,C017,T020,Lapsed listener,Canada,1164,89,6,3,11,25
2026-07-13,C017,T020,Lapsed listener,Mexico,1699,162,10,6,17,50
2026-06-28,C018,T007,New listener,US,4159,530,36,19,47,156
2026-06-28,C018,T007,New listener,Canada,2220,307,22,11,29,91
2026-06-28,C018,T007,New listener,Mexico,925,111,7,4,10,32
2026-06-28,C018,T007,Casual listener,US,1881,280,21,13,33,68
2026-06-28,C018,T007,Casual listener,Canada,1128,165,13,7,22,43
2026-06-28,C018,T007,Casual listener,Mexico,672,90,7,4,12,23
2026-06-28,C018,T007,Existing fan,US,6673,1027,131,75,215,193
2026-06-28,C018,T007,Existing fan,Canada,1054,187,23,12,36,37
2026-06-28,C018,T007,Existing fan,Mexico,1767,290,35,20,57,50
2026-06-28,C018,T007,Lapsed listener,US,8102,1253,111,66,175,333
2026-06-28,C018,T007,Lapsed listener,Canada,692,89,8,4,14,23
2026-06-28,C018,T007,Lapsed listener,Mexico,920,150,13,7,20,37
2026-06-29,C018,T007,New listener,US,3782,528,33,22,48,165
2026-06-29,C018,T007,New listener,Canada,1432,201,13,7,17,57
2026-06-29,C018,T007,New listener,Mexico,1177,145,10,5,13,43
2026-06-29,C018,T007,Casual listener,US,2621,402,33,21,48,97
2026-06-29,C018,T007,Casual listener,Canada,1122,153,11,6,19,41
2026-06-29,C018,T007,Casual listener,Mexico,1083,157,14,8,21,44
2026-06-29,C018,T007,Existing fan,US,3812,606,72,41,114,115
2026-06-29,C018,T007,Existing fan,Canada,913,159,18,10,31,27
2026-06-29,C018,T007,Existing fan,Mexico,1202,199,27,14,43,41
2026-06-29,C018,T007,Lapsed listener,US,5629,896,84,41,124,243
2026-06-29,C018,T007,Lapsed listener,Canada,921,149,14,7,23,36
2026-06-29,C018,T007,Lapsed listener,Mexico,1513,203,18,9,30,48
2026-06-30,C018,T007,New listener,US,7387,1019,74,40,85,273
2026-06-30,C018,T007,New listener,Canada,704,92,6,3,7,26
2026-06-30,C018,T007,New listener,Mexico,620,70,4,2,5,19
2026-06-30,C018,T007,Casual listener,US,1974,280,23,13,34,79
2026-06-30,C018,T007,Casual listener,Canada,1891,293,23,13,39,81
2026-06-30,C018,T007,Casual listener,Mexico,1113,148,12,7,18,40
2026-06-30,C018,T007,Existing fan,US,3657,670,77,41,140,130
2026-06-30,C018,T007,Existing fan,Canada,2298,422,53,26,84,74
2026-06-30,C018,T007,Existing fan,Mexico,498,91,10,6,20,16
2026-06-30,C018,T007,Lapsed listener,US,3942,556,55,25,83,152
2026-06-30,C018,T007,Lapsed listener,Canada,1175,177,14,9,23,42
2026-06-30,C018,T007,Lapsed listener,Mexico,1077,163,14,7,25,40
2026-07-01,C018,T007,New listener,US,6598,913,55,38,75,297
2026-07-01,C018,T007,New listener,Canada,1916,242,15,10,23,69
2026-07-01,C018,T007,New listener,Mexico,1654,227,16,9,21,72
2026-07-01,C018,T007,Casual listener,US,3712,466,42,25,55,120
2026-07-01,C018,T007,Casual listener,Canada,2289,354,31,18,41,96
2026-07-01,C018,T007,Casual listener,Mexico,1753,270,23,13,33,66
2026-07-01,C018,T007,Existing fan,US,6818,1187,137,77,247,231
2026-07-01,C018,T007,Existing fan,Canada,2057,393,51,25,71,78
2026-07-01,C018,T007,Existing fan,Mexico,1517,278,34,19,51,53
2026-07-01,C018,T007,Lapsed listener,US,5349,855,71,42,135,203
2026-07-01,C018,T007,Lapsed listener,Canada,1312,189,17,9,27,43
2026-07-01,C018,T007,Lapsed listener,Mexico,1493,239,22,10,38,56
2026-07-02,C018,T007,New listener,US,3041,353,23,13,34,105
2026-07-02,C018,T007,New listener,Canada,2277,300,18,12,24,87
2026-07-02,C018,T007,New listener,Mexico,1265,146,9,5,13,45
2026-07-02,C018,T007,Casual listener,US,7047,867,71,44,120,233
2026-07-02,C018,T007,Casual listener,Canada,874,111,9,5,14,29
2026-07-02,C018,T007,Casual listener,Mexico,1958,295,24,13,41,84
2026-07-02,C018,T007,Existing fan,US,4913,930,117,60,203,192
2026-07-02,C018,T007,Existing fan,Canada,1433,222,27,16,47,41
2026-07-02,C018,T007,Existing fan,Mexico,1829,318,40,23,59,66
2026-07-02,C018,T007,Lapsed listener,US,4763,761,67,34,114,175
2026-07-02,C018,T007,Lapsed listener,Canada,899,142,12,6,19,36
2026-07-02,C018,T007,Lapsed listener,Mexico,564,72,6,3,10,18
2026-07-03,C018,T007,New listener,US,6070,846,57,36,74,249
2026-07-03,C018,T007,New listener,Canada,680,88,6,3,8,23
2026-07-03,C018,T007,New listener,Mexico,685,91,5,3,7,27
2026-07-03,C018,T007,Casual listener,US,1884,263,20,13,31,72
2026-07-03,C018,T007,Casual listener,Canada,2291,308,28,14,43,80
2026-07-03,C018,T007,Casual listener,Mexico,948,142,12,6,17,34
2026-07-03,C018,T007,Existing fan,US,5860,1033,117,65,198,184
2026-07-03,C018,T007,Existing fan,Canada,1660,293,36,18,62,55
2026-07-03,C018,T007,Existing fan,Mexico,1016,172,22,12,38,34
2026-07-03,C018,T007,Lapsed listener,US,4382,642,61,29,98,154
2026-07-03,C018,T007,Lapsed listener,Canada,1678,272,27,13,39,72
2026-07-03,C018,T007,Lapsed listener,Mexico,1635,226,21,11,33,53
2026-07-04,C018,T007,New listener,US,4049,479,31,18,45,136
2026-07-04,C018,T007,New listener,Canada,1731,238,17,9,21,76
2026-07-04,C018,T007,New listener,Mexico,1623,189,13,7,16,53
2026-07-04,C018,T007,Casual listener,US,3424,497,46,25,71,135
2026-07-04,C018,T007,Casual listener,Canada,1695,255,20,14,35,67
2026-07-04,C018,T007,Casual listener,Mexico,985,126,11,6,16,33
2026-07-04,C018,T007,Existing fan,US,1560,293,39,19,54,60
2026-07-04,C018,T007,Existing fan,Canada,1672,303,38,19,65,55
2026-07-04,C018,T007,Existing fan,Mexico,994,184,24,13,38,37
2026-07-04,C018,T007,Lapsed listener,US,1785,253,24,13,36,58
2026-07-04,C018,T007,Lapsed listener,Canada,607,91,8,4,12,24
2026-07-04,C018,T007,Lapsed listener,Mexico,545,79,6,4,12,20
2026-07-05,C018,T007,New listener,US,6037,677,44,25,64,217
2026-07-05,C018,T007,New listener,Canada,2115,254,17,10,23,82
2026-07-05,C018,T007,New listener,Mexico,423,49,3,1,4,14
2026-07-05,C018,T007,Casual listener,US,4298,544,42,25,74,130
2026-07-05,C018,T007,Casual listener,Canada,1440,178,14,9,22,45
2026-07-05,C018,T007,Casual listener,Mexico,558,71,6,3,9,19
2026-07-05,C018,T007,Existing fan,US,3343,614,80,42,131,113
2026-07-05,C018,T007,Existing fan,Canada,716,130,17,8,24,25
2026-07-05,C018,T007,Existing fan,Mexico,1710,258,35,16,50,53
2026-07-05,C018,T007,Lapsed listener,US,3599,484,43,24,77,129
2026-07-05,C018,T007,Lapsed listener,Canada,1441,191,15,9,26,45
2026-07-05,C018,T007,Lapsed listener,Mexico,1201,169,14,7,25,42
2026-07-06,C018,T007,New listener,US,1744,235,16,9,21,67
2026-07-06,C018,T007,New listener,Canada,692,86,6,3,8,24
2026-07-06,C018,T007,New listener,Mexico,878,115,7,4,10,34
2026-07-06,C018,T007,Casual listener,US,5660,857,72,40,111,222
2026-07-06,C018,T007,Casual listener,Canada,856,129,11,6,16,33
2026-07-06,C018,T007,Casual listener,Mexico,762,113,9,5,15,27
2026-07-06,C018,T007,Existing fan,US,3431,589,74,42,117,104
2026-07-06,C018,T007,Existing fan,Canada,2044,358,40,24,66,73
2026-07-06,C018,T007,Existing fan,Mexico,923,139,18,10,28,28
2026-07-06,C018,T007,Lapsed listener,US,4820,749,74,35,101,182
2026-07-06,C018,T007,Lapsed listener,Canada,2047,303,29,13,46,79
2026-07-06,C018,T007,Lapsed listener,Mexico,1360,186,17,10,30,44
2026-07-07,C018,T007,New listener,US,3109,422,28,16,41,120
2026-07-07,C018,T007,New listener,Canada,1351,184,11,7,15,50
2026-07-07,C018,T007,New listener,Mexico,1670,226,14,8,21,62
2026-07-07,C018,T007,Casual listener,US,2705,404,32,19,49,104
2026-07-07,C018,T007,Casual listener,Canada,1420,195,16,10,23,54
2026-07-07,C018,T007,Casual listener,Mexico,1004,143,12,7,17,34
2026-07-07,C018,T007,Existing fan,US,2912,514,61,37,100,106
2026-07-07,C018,T007,Existing fan,Canada,686,127,16,9,26,24
2026-07-07,C018,T007,Existing fan,Mexico,1408,218,28,14,43,43
2026-07-07,C018,T007,Lapsed listener,US,2245,365,36,18,53,97
2026-07-07,C018,T007,Lapsed listener,Canada,1340,211,20,9,29,49
2026-07-07,C018,T007,Lapsed listener,Mexico,1288,172,16,8,26,43
2026-07-08,C018,T007,New listener,US,2474,285,19,10,26,77
2026-07-08,C018,T007,New listener,Canada,1255,155,10,6,13,48
2026-07-08,C018,T007,New listener,Mexico,1108,127,8,5,10,38
2026-07-08,C018,T007,Casual listener,US,3867,586,52,31,70,166
2026-07-08,C018,T007,Casual listener,Canada,594,78,6,3,11,18
2026-07-08,C018,T007,Casual listener,Mexico,1146,169,14,8,22,40
2026-07-08,C018,T007,Existing fan,US,2894,522,62,34,95,101
2026-07-08,C018,T007,Existing fan,Canada,1704,283,37,17,58,49
2026-07-08,C018,T007,Existing fan,Mexico,391,68,8,4,13,13
2026-07-08,C018,T007,Lapsed listener,US,3879,541,45,27,74,144
2026-07-08,C018,T007,Lapsed listener,Canada,1800,264,21,14,41,68
2026-07-08,C018,T007,Lapsed listener,Mexico,1287,174,14,9,23,41
2026-07-09,C018,T007,New listener,US,3953,445,30,16,36,125
2026-07-09,C018,T007,New listener,Canada,1757,203,14,7,19,63
2026-07-09,C018,T007,New listener,Mexico,515,70,4,2,6,21
2026-07-09,C018,T007,Casual listener,US,2869,393,30,19,53,108
2026-07-09,C018,T007,Casual listener,Canada,1593,249,22,12,32,66
2026-07-09,C018,T007,Casual listener,Mexico,970,140,11,6,16,36
2026-07-09,C018,T007,Existing fan,US,1867,299,39,21,65,61
2026-07-09,C018,T007,Existing fan,Canada,1540,238,28,16,51,41
2026-07-09,C018,T007,Existing fan,Mexico,1419,261,31,16,52,50
2026-07-09,C018,T007,Lapsed listener,US,1868,291,28,14,39,69
2026-07-09,C018,T007,Lapsed listener,Canada,1172,166,16,8,24,42
2026-07-09,C018,T007,Lapsed listener,Mexico,1045,147,14,7,21,37
2026-07-10,C018,T007,New listener,US,2878,356,24,15,33,109
2026-07-10,C018,T007,New listener,Canada,1595,196,12,7,18,57
2026-07-10,C018,T007,New listener,Mexico,610,81,5,3,7,24
2026-07-10,C018,T007,Casual listener,US,1429,193,16,9,23,54
2026-07-10,C018,T007,Casual listener,Canada,1652,229,18,12,28,56
2026-07-10,C018,T007,Casual listener,Mexico,906,131,12,6,18,37
2026-07-10,C018,T007,Existing fan,US,2464,419,49,26,80,83
2026-07-10,C018,T007,Existing fan,Canada,594,108,13,6,20,21
2026-07-10,C018,T007,Existing fan,Mexico,548,90,10,5,18,18
2026-07-10,C018,T007,Lapsed listener,US,4150,566,55,26,76,135
2026-07-10,C018,T007,Lapsed listener,Canada,1158,165,16,7,24,41
2026-07-10,C018,T007,Lapsed listener,Mexico,393,53,4,2,7,12
2026-07-11,C018,T007,New listener,US,4824,566,39,24,48,176
2026-07-11,C018,T007,New listener,Canada,592,79,5,2,7,24
2026-07-11,C018,T007,New listener,Mexico,1448,165,11,6,13,47
2026-07-11,C018,T007,Casual listener,US,2704,358,27,17,45,103
2026-07-11,C018,T007,Casual listener,Canada,743,105,8,5,12,25
2026-07-11,C018,T007,Casual listener,Mexico,1236,157,12,7,19,43
2026-07-11,C018,T007,Existing fan,US,3886,687,92,46,143,132
2026-07-11,C018,T007,Existing fan,Canada,1593,282,37,19,54,55
2026-07-11,C018,T007,Existing fan,Mexico,1460,222,25,16,41,39
2026-07-11,C018,T007,Lapsed listener,US,3077,456,40,21,66,115
2026-07-11,C018,T007,Lapsed listener,Canada,629,93,8,4,15,25
2026-07-11,C018,T007,Lapsed listener,Mexico,1148,151,12,7,24,40
2026-07-12,C018,T007,New listener,US,3208,394,24,17,33,107
2026-07-12,C018,T007,New listener,Canada,1712,213,15,9,19,59
2026-07-12,C018,T007,New listener,Mexico,1081,123,8,5,10,39
2026-07-12,C018,T007,Casual listener,US,4460,559,48,30,73,154
2026-07-12,C018,T007,Casual listener,Canada,1698,245,22,11,32,70
2026-07-12,C018,T007,Casual listener,Mexico,416,52,4,2,6,13
2026-07-12,C018,T007,Existing fan,US,4374,719,95,50,133,129
2026-07-12,C018,T007,Existing fan,Canada,829,138,15,10,25,26
2026-07-12,C018,T007,Existing fan,Mexico,1284,210,26,14,38,41
2026-07-12,C018,T007,Lapsed listener,US,1547,213,20,10,33,52
2026-07-12,C018,T007,Lapsed listener,Canada,1133,166,14,8,27,44
2026-07-12,C018,T007,Lapsed listener,Mexico,1412,228,20,11,31,61
2026-07-13,C018,T007,New listener,US,2515,324,20,13,30,103
2026-07-13,C018,T007,New listener,Canada,616,76,4,3,7,21
2026-07-13,C018,T007,New listener,Mexico,1301,178,10,7,17,57
2026-07-13,C018,T007,Casual listener,US,2743,414,37,22,58,101
2026-07-13,C018,T007,Casual listener,Canada,779,114,9,5,15,29
2026-07-13,C018,T007,Casual listener,Mexico,1325,189,15,8,23,52
2026-07-13,C018,T007,Existing fan,US,2727,445,51,29,94,86
2026-07-13,C018,T007,Existing fan,Canada,409,76,10,5,15,15
2026-07-13,C018,T007,Existing fan,Mexico,402,71,8,4,13,14
2026-07-13,C018,T007,Lapsed listener,US,4527,659,61,35,88,182
2026-07-13,C018,T007,Lapsed listener,Canada,1682,268,25,13,40,72
2026-07-13,C018,T007,Lapsed listener,Mexico,899,136,13,6,19,31
